# Blender 5.1.0
# www.blender.org
mtllib Fox.mtl
o Fox
v 0.567089 0.770437 -0.000000
v 0.567089 0.770437 -0.000000
v 0.567089 0.743837 0.064219
v 0.567089 0.743837 0.064219
v 0.567089 0.679617 0.090820
v 0.567089 0.679617 0.090820
v 0.567089 0.615398 0.064219
v 0.567089 0.615398 0.064219
v 0.567089 0.588797 -0.000000
v 0.567089 0.588797 -0.000000
v 0.567089 0.615398 -0.064219
v 0.567089 0.615398 -0.064219
v 0.567089 0.679617 -0.090820
v 0.567089 0.679617 -0.090820
v 0.567089 0.679617 -0.090820
v 0.567089 0.679617 -0.090820
v 0.567089 0.743837 -0.064219
v 0.567089 0.743837 -0.064219
v 0.639977 0.743631 -0.000000
v 0.639977 0.724882 0.045264
v 0.639977 0.679617 0.064013
v 0.639977 0.634353 0.045264
v 0.639977 0.615604 -0.000000
v 0.639977 0.634353 -0.045264
v 0.658676 0.679617 -0.000000
v 0.639977 0.679617 -0.064013
v 0.639977 0.679617 -0.064013
v 0.639977 0.724882 -0.045264
v 0.310770 0.770764 -0.000000
v 0.310770 0.770764 -0.000000
v 0.410437 0.771209 -0.000000
v 0.410437 0.744383 0.064765
v 0.310770 0.744068 0.064450
v 0.310770 0.744068 0.064450
v 0.310770 0.744068 -0.064450
v 0.310770 0.744068 -0.064450
v 0.410437 0.744383 -0.064765
v 0.310770 0.615167 -0.064450
v 0.310770 0.615167 -0.064450
v 0.410437 0.614852 -0.064765
v 0.410437 0.679617 -0.091592
v 0.410437 0.679617 -0.091592
v 0.310770 0.679617 -0.091146
v 0.310770 0.679617 -0.091146
v 0.310770 0.679617 -0.091146
v 0.310770 0.679617 -0.091146
v 0.310770 0.615167 0.064450
v 0.310770 0.615167 0.064450
v 0.410437 0.614852 0.064765
v 0.410437 0.588025 -0.000000
v 0.310770 0.588471 -0.000000
v 0.310770 0.588471 -0.000000
v 0.410437 0.679617 0.091592
v 0.310770 0.679617 0.091146
v 0.310770 0.679617 0.091146
v 0.156456 0.770254 -0.000000
v 0.129704 0.747686 -0.000000
v 0.156456 0.743707 0.064090
v 0.129704 0.727749 0.048132
v 0.156456 0.679617 0.090637
v 0.129704 0.679617 0.068068
v 0.156456 0.615527 0.064090
v 0.129704 0.631486 0.048132
v 0.109423 0.679617 -0.000000
v 0.156456 0.588980 -0.000000
v 0.129704 0.611549 -0.000000
v 0.156456 0.615527 -0.064090
v 0.129704 0.631486 -0.048132
v 0.156456 0.679617 -0.090637
v 0.156456 0.679617 -0.090637
v 0.129704 0.679617 -0.068068
v 0.129704 0.679617 -0.068068
v 0.156456 0.743707 -0.064090
v 0.129704 0.727749 -0.048132
v 0.270993 0.765916 -0.086299
v 0.270993 0.801662 -0.000000
v 0.270993 0.765916 0.086299
v 0.270993 0.679617 0.122045
v 0.270993 0.593319 0.086299
v 0.270993 0.557573 -0.000000
v 0.270993 0.593319 -0.086299
v 0.270993 0.679617 -0.122045
v 0.270993 0.679617 -0.122045
v 0.541271 0.763251 -0.083633
v 0.541271 0.797892 -0.000000
v 0.541271 0.763251 0.083633
v 0.541271 0.679617 0.118275
v 0.541271 0.679617 -0.118275
v 0.541271 0.679617 -0.118275
v 0.541271 0.561342 -0.000000
v 0.541271 0.595984 -0.083633
v 0.541271 0.595984 0.083633
v 0.359672 0.587983 -0.000000
v 0.359672 0.771252 -0.000000
v 0.359672 0.614822 -0.064795
v 0.359672 0.744413 -0.064795
v 0.359672 0.679617 -0.091634
v 0.359672 0.679617 -0.091634
v 0.212779 0.759815 -0.080198
v 0.212779 0.793034 -0.000000
v 0.212779 0.759815 0.080197
v 0.212779 0.679617 0.113416
v 0.212779 0.599420 0.080197
v 0.212779 0.566201 -0.000000
v 0.212779 0.599420 -0.080198
v 0.212779 0.679617 -0.113416
v 0.212779 0.679617 -0.113416
v 0.600774 0.743771 -0.064154
v 0.600774 0.770344 -0.000000
v 0.600774 0.743771 0.064154
v 0.600774 0.679617 0.090727
v 0.600774 0.615464 0.064154
v 0.600774 0.588890 -0.000000
v 0.600774 0.615464 -0.064154
v 0.600774 0.679617 -0.090727
v 0.600774 0.679617 -0.090727
v -0.567089 0.770437 -0.000000
v -0.567089 0.770437 -0.000000
v -0.567089 0.743837 0.064219
v -0.567089 0.743837 0.064219
v -0.567089 0.679617 0.090820
v -0.567089 0.679617 0.090820
v -0.567089 0.615398 0.064219
v -0.567089 0.615398 0.064219
v -0.567089 0.588797 -0.000000
v -0.567089 0.588797 -0.000000
v -0.567089 0.615398 -0.064219
v -0.567089 0.615398 -0.064219
v -0.567089 0.679617 -0.090820
v -0.567089 0.679617 -0.090820
v -0.567089 0.679617 -0.090820
v -0.567089 0.679617 -0.090820
v -0.567089 0.743837 -0.064219
v -0.567089 0.743837 -0.064219
v -0.639977 0.743631 -0.000000
v -0.639977 0.724882 0.045264
v -0.639977 0.679617 0.064013
v -0.639977 0.634353 0.045264
v -0.639977 0.615604 -0.000000
v -0.639977 0.634353 -0.045264
v -0.658676 0.679617 -0.000000
v -0.639977 0.679617 -0.064013
v -0.639977 0.679617 -0.064013
v -0.639977 0.724882 -0.045264
v -0.310770 0.770764 -0.000000
v -0.310770 0.770764 -0.000000
v -0.410437 0.771209 -0.000000
v -0.410437 0.744383 0.064765
v -0.310770 0.744068 0.064450
v -0.310770 0.744068 0.064450
v -0.310770 0.744068 -0.064450
v -0.310770 0.744068 -0.064450
v -0.410437 0.744383 -0.064765
v -0.310770 0.615167 -0.064450
v -0.310770 0.615167 -0.064450
v -0.410437 0.614852 -0.064765
v -0.410437 0.679617 -0.091592
v -0.410437 0.679617 -0.091592
v -0.310770 0.679617 -0.091146
v -0.310770 0.679617 -0.091146
v -0.310770 0.679617 -0.091146
v -0.310770 0.679617 -0.091146
v -0.310770 0.615167 0.064450
v -0.310770 0.615167 0.064450
v -0.410437 0.614852 0.064765
v -0.410437 0.588025 -0.000000
v -0.310770 0.588471 -0.000000
v -0.310770 0.588471 -0.000000
v -0.410437 0.679617 0.091592
v -0.310770 0.679617 0.091146
v -0.310770 0.679617 0.091146
v -0.156456 0.770254 -0.000000
v -0.129704 0.747686 -0.000000
v -0.156456 0.743707 0.064090
v -0.129704 0.727749 0.048132
v -0.156456 0.679617 0.090637
v -0.129704 0.679617 0.068068
v -0.156456 0.615527 0.064090
v -0.129704 0.631486 0.048132
v -0.109423 0.679617 -0.000000
v -0.156456 0.588980 -0.000000
v -0.129704 0.611549 -0.000000
v -0.156456 0.615527 -0.064090
v -0.129704 0.631486 -0.048132
v -0.156456 0.679617 -0.090637
v -0.156456 0.679617 -0.090637
v -0.129704 0.679617 -0.068068
v -0.129704 0.679617 -0.068068
v -0.156456 0.743707 -0.064090
v -0.129704 0.727749 -0.048132
v -0.270993 0.765916 -0.086299
v -0.270993 0.801662 -0.000000
v -0.270993 0.765916 0.086299
v -0.270993 0.679617 0.122045
v -0.270993 0.593319 0.086299
v -0.270993 0.557573 -0.000000
v -0.270993 0.593319 -0.086299
v -0.270993 0.679617 -0.122045
v -0.270993 0.679617 -0.122045
v -0.541271 0.763251 -0.083633
v -0.541271 0.797892 -0.000000
v -0.541271 0.763251 0.083633
v -0.541271 0.679617 0.118275
v -0.541271 0.679617 -0.118275
v -0.541271 0.679617 -0.118275
v -0.541271 0.561342 -0.000000
v -0.541271 0.595984 -0.083633
v -0.541271 0.595984 0.083633
v -0.359672 0.587983 -0.000000
v -0.359672 0.771252 -0.000000
v -0.359672 0.614822 -0.064795
v -0.359672 0.744413 -0.064795
v -0.359672 0.679617 -0.091634
v -0.359672 0.679617 -0.091634
v -0.212779 0.759815 -0.080198
v -0.212779 0.793034 -0.000000
v -0.212779 0.759815 0.080197
v -0.212779 0.679617 0.113416
v -0.212779 0.599420 0.080197
v -0.212779 0.566201 -0.000000
v -0.212779 0.599420 -0.080198
v -0.212779 0.679617 -0.113416
v -0.212779 0.679617 -0.113416
v -0.600774 0.743771 -0.064154
v -0.600774 0.770344 -0.000000
v -0.600774 0.743771 0.064154
v -0.600774 0.679617 0.090727
v -0.600774 0.615464 0.064154
v -0.600774 0.588890 -0.000000
v -0.600774 0.615464 -0.064154
v -0.600774 0.679617 -0.090727
v -0.600774 0.679617 -0.090727
v 0.156083 0.726052 0.274430
v 0.303791 0.792820 0.214023
v 0.394855 0.945451 0.154674
v 0.392482 1.121336 0.167187
v 0.278354 1.237387 0.238373
v 0.150342 1.317149 0.288643
v 0.146634 1.084632 -0.469445
v 0.143391 1.293622 -0.440838
v 0.112240 1.402139 -0.128760
v 0.083700 1.073716 -0.487350
v 0.082104 1.313390 -0.451644
v 0.154143 1.242338 -0.464377
v 0.155325 1.160579 -0.480787
v 0.196623 1.013649 -0.405545
v 0.184593 1.304978 -0.377295
v 0.232971 1.226748 -0.388624
v 0.237100 1.115960 -0.403110
v 0.165480 0.728266 -0.143711
v 0.360657 1.202933 -0.170394
v 0.363653 0.988097 -0.204460
v 0.235240 1.319359 -0.180435
v 0.293502 0.825121 -0.178133
v 0.079863 1.177964 -0.523673
v 0.078889 1.260991 -0.504422
v 0.110442 0.956279 -0.408246
v 0.100615 1.347719 -0.368861
v 0.093027 1.426362 0.014726
v 0.242353 0.728266 0.017899
v 0.412080 0.958709 -0.073139
v 0.414051 1.153094 -0.048986
v 0.336359 0.790255 -0.024425
v 0.307416 1.271808 0.147533
v 0.416749 0.942819 0.058071
v 0.418862 1.162072 0.075297
v 0.155617 1.368439 0.166445
v 0.171302 0.718203 0.168375
v 0.336410 0.782808 0.118057
v 0.239510 0.916507 -0.306679
v 0.294368 1.208910 -0.293510
v 0.298218 1.053709 -0.311127
v 0.219715 1.311385 -0.282814
v 0.132157 0.834762 -0.298460
v 0.113691 1.372834 -0.263962
v -0.113562 0.710242 -0.101296
v -0.169501 0.711855 0.011718
v -0.117106 0.710490 0.117487
v 0.133122 1.280707 0.281446
v 0.246425 1.210110 0.236953
v 0.348923 1.107394 0.173946
v 0.350586 0.952386 0.163007
v 0.268534 0.819504 0.215357
v 0.137893 0.759845 0.266454
v 0.162948 0.503502 -0.159523
v 0.230443 0.503502 0.003424
v 0.162948 0.503502 0.166372
v 0.124513 0.783183 0.203192
v 0.245408 0.834379 0.164479
v 0.313437 1.102813 0.133069
v 0.223675 1.197621 0.180770
v 0.213749 0.426244 0.217174
v 0.302287 0.426244 0.003424
v 0.213749 0.426244 -0.210325
v 0.091483 0.686873 0.095286
v 0.091483 0.686873 0.095286
v 0.141188 0.690523 0.006432
v 0.141188 0.690523 0.006432
v 0.091483 0.686873 -0.087680
v 0.091483 0.686873 -0.087680
v 0.162280 0.570159 0.166219
v 0.229743 0.570230 0.003994
v 0.162280 0.570150 -0.158340
v 0.139515 0.634554 0.143372
v 0.203484 0.636462 0.005233
v 0.139515 0.634549 -0.135657
v -0.156083 0.726052 0.274430
v -0.303791 0.792820 0.214023
v -0.394855 0.945451 0.154674
v -0.392482 1.121336 0.167187
v -0.278354 1.237387 0.238373
v -0.150342 1.317149 0.288643
v -0.146634 1.084632 -0.469445
v -0.143391 1.293622 -0.440838
v -0.112240 1.402139 -0.128760
v -0.083700 1.073716 -0.487350
v -0.082104 1.313390 -0.451644
v -0.154143 1.242338 -0.464377
v -0.155325 1.160579 -0.480787
v -0.196623 1.013649 -0.405545
v -0.184593 1.304978 -0.377295
v -0.232971 1.226748 -0.388624
v -0.237100 1.115960 -0.403110
v -0.165480 0.728266 -0.143711
v -0.360657 1.202933 -0.170394
v -0.363653 0.988097 -0.204460
v -0.235240 1.319359 -0.180435
v -0.293502 0.825121 -0.178133
v -0.079863 1.177964 -0.523673
v -0.078889 1.260991 -0.504422
v -0.110442 0.956279 -0.408246
v -0.100615 1.347719 -0.368861
v -0.093027 1.426362 0.014726
v -0.242353 0.728266 0.017899
v -0.412080 0.958709 -0.073139
v -0.414051 1.153094 -0.048986
v -0.336359 0.790255 -0.024425
v -0.307416 1.271808 0.147533
v -0.416749 0.942819 0.058071
v -0.418862 1.162072 0.075297
v -0.155617 1.368439 0.166445
v -0.171302 0.718203 0.168375
v -0.336410 0.782808 0.118057
v -0.239510 0.916507 -0.306679
v -0.294368 1.208910 -0.293510
v -0.298218 1.053709 -0.311127
v -0.219715 1.311385 -0.282814
v -0.132157 0.834762 -0.298460
v -0.113691 1.372834 -0.263962
v 0.000000 0.710242 -0.147662
v 0.000000 0.710242 -0.147662
v 0.113562 0.710242 -0.101296
v 0.169501 0.711855 0.011718
v -0.133122 1.280707 0.281446
v -0.246425 1.210110 0.236953
v -0.348923 1.107394 0.173946
v -0.350586 0.952386 0.163007
v -0.268534 0.819504 0.215357
v -0.137893 0.759845 0.266454
v -0.162948 0.503502 -0.159523
v -0.230443 0.503502 0.003424
v -0.162948 0.503502 0.166372
v -0.124513 0.783183 0.203192
v -0.245408 0.834379 0.164479
v -0.119095 1.262782 0.214456
v -0.213749 0.426244 0.217174
v -0.302287 0.426244 0.003424
v -0.213749 0.426244 -0.210325
v -0.091483 0.686873 0.095286
v -0.091483 0.686873 0.095286
v -0.141188 0.690523 0.006432
v -0.141188 0.690523 0.006432
v -0.091483 0.686873 -0.087680
v -0.091483 0.686873 -0.087680
v -0.162280 0.570159 0.166219
v -0.229743 0.570230 0.003994
v -0.162280 0.570150 -0.158340
v -0.139515 0.634554 0.143372
v -0.203484 0.636462 0.005233
v -0.139515 0.634549 -0.135657
v 0.000000 0.751596 0.281502
v 0.000000 1.302497 0.297065
v 0.000000 1.302497 0.297065
v 0.117106 0.710490 0.117487
v 0.000000 1.342327 0.309179
v 0.000000 1.342327 0.309179
v 0.000000 0.719092 0.290357
v 0.000000 1.067399 -0.489093
v 0.000000 1.067399 -0.489093
v 0.000000 1.320726 -0.452273
v 0.000000 1.320726 -0.452273
v 0.000000 1.417202 -0.118856
v 0.000000 1.417202 -0.118856
v 0.000000 0.728266 -0.210732
v 0.000000 0.728266 -0.210732
v 0.000000 1.180833 -0.531572
v 0.000000 1.180833 -0.531572
v 0.000000 1.266448 -0.511444
v 0.000000 1.266448 -0.511444
v 0.000000 0.938142 -0.410733
v 0.000000 0.938142 -0.410733
v 0.000000 1.361329 -0.364270
v 0.000000 1.361329 -0.364270
v 0.000000 1.437815 0.018111
v 0.000000 1.437815 0.018111
v 0.000000 1.404158 0.166901
v 0.000000 1.404158 0.166901
v 0.000000 0.710646 0.209760
v 0.000000 0.813438 -0.308728
v 0.000000 0.813438 -0.308728
v 0.000000 1.391174 -0.258767
v 0.000000 1.391174 -0.258767
v 0.000000 0.710245 0.158321
v 0.000000 0.503502 -0.227018
v 0.000000 0.503502 -0.227018
v 0.000000 0.503502 0.233867
v 0.042750 0.426244 0.288004
v 0.000000 0.426244 -0.298863
v 0.000000 0.426244 -0.298863
v 0.000000 0.686873 -0.125574
v 0.000000 0.686873 -0.125574
v 0.000000 0.686873 -0.125574
v 0.000000 0.686873 -0.125574
v 0.000000 0.686791 0.132614
v 0.000000 0.686791 0.132614
v 0.000000 0.570148 -0.225559
v 0.000000 0.570148 -0.225559
v 0.000000 0.570161 0.233437
v 0.000000 0.634556 0.201161
v 0.000000 0.634548 -0.193446
v 0.000000 0.634548 -0.193446
v 0.130556 1.360997 -0.084371
v 0.213427 1.296729 -0.158127
v 0.130843 1.376852 0.038960
v 0.186219 1.328562 0.134897
v 0.277511 1.243328 0.110691
v 0.370317 1.144383 -0.029437
v 0.358485 1.158253 0.060695
v 0.301070 1.194139 -0.164309
v -0.130556 1.360997 -0.084371
v -0.213427 1.296729 -0.158127
v -0.130843 1.376852 0.038960
v -0.186219 1.328562 0.134897
v -0.277511 1.243328 0.110691
v -0.370317 1.144383 -0.029437
v -0.358485 1.158253 0.060695
v -0.301070 1.194139 -0.164309
v 0.000000 1.277279 0.249349
v 0.000000 1.277279 0.249349
v 0.119095 1.262782 0.214456
v -0.313437 1.102813 0.133069
v -0.316769 0.941279 0.122692
v -0.223675 1.197621 0.180770
v 0.316769 0.941279 0.122692
v 0.000000 0.776325 0.215527
v -0.042750 0.426244 0.288004
v 0.213427 1.296729 -0.158127
v 0.130556 1.360997 -0.084371
v 0.277511 1.243328 0.110691
v 0.370317 1.144383 -0.029437
v 0.130843 1.376852 0.038960
v 0.186219 1.328562 0.134897
v 0.358485 1.158253 0.060695
v 0.301070 1.194139 -0.164309
v 0.267518 1.532369 -0.017648
v 0.358537 1.531434 0.054761
v 0.416330 1.499140 -0.004759
v 0.277622 1.552305 0.038445
v 0.292419 1.519588 0.069663
v 0.332382 1.527456 -0.035895
v 0.409028 1.472497 0.032513
v 0.390878 1.484915 -0.049256
v 0.411073 1.324499 0.023906
v 0.424058 1.327032 -0.039404
v 0.282716 1.406727 -0.119436
v 0.202739 1.442458 -0.066626
v 0.195571 1.456523 0.031163
v 0.230074 1.430051 0.087675
v 0.371561 1.349696 -0.107627
v 0.356850 1.569172 0.027157
v 0.244960 1.346571 0.083839
v 0.294186 1.309041 0.068572
v 0.341341 1.269201 0.046334
v 0.296236 1.469380 0.059312
v 0.336025 1.459177 0.045631
v 0.375274 1.434797 0.033598
v 0.312217 1.374911 0.048701
v 0.364232 1.346725 0.034492
v 0.266557 1.403068 0.068674
v 0.217515 0.835127 0.221459
v 0.274267 1.069281 0.208762
v 0.048261 0.884726 0.524536
v 0.058760 0.932730 0.533263
v 0.048650 0.978524 0.522588
v 0.081429 0.986156 0.417213
v 0.108840 0.914008 0.419793
v 0.079182 0.838918 0.407754
v 0.274659 0.915190 0.201180
v 0.122526 0.792868 0.244555
v 0.122526 0.792868 0.244555
v 0.124289 1.022507 0.308930
v 0.124289 1.022507 0.308930
v 0.150337 0.899488 0.299630
v 0.150337 0.899488 0.299630
v 0.226539 0.487500 -0.000000
v 0.160187 0.487500 0.160187
v 0.160187 0.487500 -0.160187
v 0.134389 0.392522 -0.139182
v 0.158792 0.358007 -0.000000
v 0.134389 0.392522 0.139181
v 0.131320 0.605642 -0.131320
v 0.185714 0.604449 -0.000000
v 0.131320 0.605426 0.131320
v 0.208063 1.161743 0.236595
v 0.122520 1.204658 0.267579
v -0.213427 1.296729 -0.158127
v -0.130556 1.360997 -0.084371
v -0.277511 1.243328 0.110691
v -0.370317 1.144383 -0.029437
v -0.130843 1.376852 0.038960
v -0.186219 1.328562 0.134897
v -0.358485 1.158253 0.060695
v -0.301070 1.194139 -0.164309
v -0.267518 1.532369 -0.017648
v -0.358537 1.531434 0.054761
v -0.416330 1.499140 -0.004759
v -0.277622 1.552305 0.038445
v -0.292419 1.519588 0.069663
v -0.332382 1.527456 -0.035895
v -0.409028 1.472497 0.032513
v -0.390878 1.484915 -0.049256
v -0.411073 1.324499 0.023906
v -0.424058 1.327032 -0.039404
v -0.282716 1.406727 -0.119436
v -0.202739 1.442458 -0.066626
v -0.195571 1.456523 0.031163
v -0.230074 1.430051 0.087675
v -0.371561 1.349696 -0.107627
v -0.356850 1.569172 0.027157
v -0.244960 1.346571 0.083839
v -0.294186 1.309041 0.068572
v -0.341341 1.269201 0.046334
v -0.296236 1.469380 0.059312
v -0.336025 1.459177 0.045631
v -0.375274 1.434797 0.033598
v -0.312217 1.374911 0.048701
v -0.364232 1.346725 0.034492
v -0.266557 1.403068 0.068674
v -0.217515 0.835127 0.221459
v -0.274267 1.069281 0.208762
v -0.048261 0.884726 0.524536
v -0.058760 0.932730 0.533263
v -0.048650 0.978524 0.522588
v -0.081429 0.986156 0.417213
v -0.108840 0.914008 0.419793
v -0.079182 0.838918 0.407754
v -0.274659 0.915190 0.201180
v -0.122526 0.792868 0.244555
v -0.122526 0.792868 0.244555
v -0.124289 1.022507 0.308930
v -0.124289 1.022507 0.308930
v -0.150337 0.899488 0.299630
v -0.150337 0.899488 0.299630
v -0.226539 0.487500 -0.000000
v -0.160187 0.487500 0.160187
v -0.160187 0.487500 -0.160187
v -0.134389 0.392522 -0.139182
v -0.158792 0.358007 -0.000000
v -0.134389 0.392522 0.139181
v -0.131320 0.605642 -0.131320
v -0.185714 0.604449 -0.000000
v -0.131320 0.605426 0.131320
v 0.000000 0.784706 0.259724
v 0.000000 0.784706 0.259724
v 0.000000 1.054415 0.333789
v 0.000000 1.054415 0.333789
v 0.000000 0.989864 0.529721
v 0.000000 0.875484 0.532558
v 0.000000 0.932747 0.545755
v 0.000000 1.009688 0.419676
v 0.000000 0.810613 0.400006
v 0.000000 0.487500 -0.226539
v 0.000000 0.487500 -0.226539
v 0.000000 0.487500 0.226539
v 0.000000 0.381308 -0.173721
v 0.000000 0.381308 -0.173721
v 0.000000 0.381308 0.173721
v 0.000000 0.605336 -0.185714
v 0.000000 0.605336 -0.185714
v 0.000000 0.604822 0.185714
v 0.000000 0.312712 -0.000000
v -0.208063 1.161743 0.236595
v -0.122520 1.204658 0.267579
v 0.000000 1.218929 0.288040
v 0.316769 0.941279 0.122692
v 0.119095 1.262782 0.214456
v 0.000000 1.277279 0.249349
v 0.000000 0.776325 0.215527
v -0.313437 1.102813 0.133069
v -0.316769 0.941279 0.122692
v -0.223675 1.197621 0.180770
v 0.223675 1.197621 0.180770
v 0.313437 1.102813 0.133069
v 0.245408 0.834379 0.164479
v 0.124513 0.783183 0.203192
v -0.245408 0.834379 0.164479
v -0.124513 0.783183 0.203192
v -0.119095 1.262782 0.214456
v 0.128842 0.466324 -0.060421
v 0.128842 0.466324 -0.060421
v 0.086102 0.466303 -0.042707
v 0.068422 0.466317 -0.000003
v 0.086104 0.466402 0.042710
v 0.128842 0.466451 0.060421
v 0.171581 0.466402 0.042710
v 0.189263 0.466317 -0.000003
v 0.171583 0.466303 -0.042707
v 0.128842 0.150940 -0.110252
v 0.128842 0.150940 -0.110252
v 0.204292 0.150940 -0.078152
v 0.053393 0.150940 -0.078152
v 0.020240 0.150940 0.007839
v 0.055406 0.150940 0.085564
v 0.128842 0.150940 0.116034
v 0.202278 0.150940 0.085564
v 0.237444 0.150940 0.007839
v 0.214819 -0.027377 -0.010262
v 0.042866 -0.027377 -0.010262
v 0.061069 -0.022433 -0.073386
v 0.196616 -0.022433 -0.073386
v 0.128842 -0.026904 -0.088372
v 0.128842 -0.026904 -0.088372
v 0.061898 -0.022816 0.160146
v 0.056864 0.084076 0.163214
v 0.042918 -0.028013 0.113523
v 0.019456 0.071208 0.115084
v 0.214766 -0.028013 0.113523
v 0.238228 0.071208 0.115084
v 0.128842 0.089858 0.183717
v 0.128842 -0.026900 0.170597
v 0.195786 -0.022816 0.160146
v 0.200821 0.084076 0.163214
v 0.128842 -0.040133 -0.014071
v 0.128842 -0.040133 -0.014071
v 0.128842 -0.040113 0.115344
v 0.128842 -0.040113 0.115344
v 0.207174 0.025023 -0.089120
v 0.012326 0.025023 -0.013562
v 0.245359 0.025023 -0.013562
v 0.128842 0.025023 -0.119963
v 0.128842 0.025023 -0.119963
v 0.050510 0.025023 -0.089121
v 0.052135 0.025023 0.171603
v 0.012404 0.025023 0.117858
v 0.245280 0.025023 0.117858
v 0.128842 0.025023 0.193079
v 0.205550 0.025023 0.171603
v 0.128842 0.132636 0.150665
v 0.200135 0.130808 0.121455
v 0.057549 0.130808 0.121455
v 0.017748 0.103820 0.063444
v 0.239937 0.103820 0.063444
v 0.218484 -0.028281 0.049502
v 0.039201 -0.028281 0.049502
v 0.128842 -0.040861 0.049617
v 0.128842 -0.040861 0.049617
v 0.251551 0.025023 0.050764
v 0.006133 0.025023 0.050764
v 0.128842 0.248757 -0.095025
v 0.128842 0.248757 -0.095025
v 0.128842 0.248757 -0.095025
v 0.128842 0.248757 -0.095025
v 0.128842 0.359345 -0.098217
v 0.128842 0.359345 -0.098217
v 0.062829 0.248757 -0.067091
v 0.062829 0.248757 -0.067091
v 0.059777 0.359295 -0.069407
v 0.034352 0.248757 0.005996
v 0.034352 0.248757 0.005996
v 0.032579 0.303901 0.003973
v 0.030803 0.359313 0.001949
v 0.064224 0.248757 0.073286
v 0.064224 0.248757 0.073286
v 0.062224 0.304177 0.072371
v 0.060224 0.359534 0.071457
v 0.128842 0.248757 0.100130
v 0.128842 0.248757 0.100130
v 0.128842 0.304329 0.100025
v 0.128842 0.359652 0.099920
v 0.193461 0.248757 0.073286
v 0.193461 0.248757 0.073286
v 0.195460 0.304177 0.072371
v 0.197461 0.359534 0.071457
v 0.223333 0.248757 0.005996
v 0.223333 0.248757 0.005996
v 0.225106 0.303901 0.003973
v 0.226882 0.359313 0.001949
v 0.197907 0.359295 -0.069407
v 0.194856 0.248757 -0.067091
v 0.194856 0.248757 -0.067091
v 0.128842 0.231359 -0.113155
v 0.128842 0.231359 -0.113155
v 0.046223 0.231359 -0.078933
v 0.012001 0.231359 0.003686
v 0.046223 0.231359 0.086305
v 0.128842 0.231359 0.120527
v 0.211461 0.231359 0.086305
v 0.245683 0.231359 0.003686
v 0.211461 0.231359 -0.078933
v 0.128842 0.167252 -0.119703
v 0.128842 0.167252 -0.119703
v 0.041593 0.167252 -0.083563
v 0.005453 0.167252 0.003686
v 0.041593 0.167252 0.090935
v 0.128842 0.167252 0.127075
v 0.216092 0.167252 0.090935
v 0.252232 0.167252 0.003686
v 0.216092 0.167252 -0.083563
v -0.128842 0.466324 -0.060421
v -0.128842 0.466324 -0.060421
v -0.086102 0.466303 -0.042707
v -0.068422 0.466317 -0.000003
v -0.086104 0.466402 0.042710
v -0.128842 0.466451 0.060421
v -0.171581 0.466402 0.042710
v -0.189263 0.466317 -0.000003
v -0.171583 0.466303 -0.042707
v -0.128842 0.150940 -0.110252
v -0.128842 0.150940 -0.110252
v -0.204292 0.150940 -0.078152
v -0.053393 0.150940 -0.078152
v -0.020240 0.150940 0.007839
v -0.055406 0.150940 0.085564
v -0.128842 0.150940 0.116034
v -0.202278 0.150940 0.085564
v -0.237444 0.150940 0.007839
v -0.214819 -0.027377 -0.010262
v -0.042866 -0.027377 -0.010262
v -0.061069 -0.022433 -0.073386
v -0.196616 -0.022433 -0.073386
v -0.128842 -0.026904 -0.088372
v -0.128842 -0.026904 -0.088372
v -0.061898 -0.022816 0.160146
v -0.056864 0.084076 0.163214
v -0.042918 -0.028013 0.113523
v -0.019456 0.071208 0.115084
v -0.214766 -0.028013 0.113523
v -0.238228 0.071208 0.115084
v -0.128842 0.089858 0.183717
v -0.128842 -0.026900 0.170597
v -0.195786 -0.022816 0.160146
v -0.200821 0.084076 0.163214
v -0.128842 -0.040133 -0.014071
v -0.128842 -0.040133 -0.014071
v -0.128842 -0.040113 0.115344
v -0.128842 -0.040113 0.115344
v -0.207174 0.025023 -0.089120
v -0.012326 0.025023 -0.013562
v -0.245359 0.025023 -0.013562
v -0.128842 0.025023 -0.119963
v -0.128842 0.025023 -0.119963
v -0.050510 0.025023 -0.089121
v -0.052135 0.025023 0.171603
v -0.012404 0.025023 0.117858
v -0.245280 0.025023 0.117858
v -0.128842 0.025023 0.193079
v -0.205550 0.025023 0.171603
v -0.128842 0.132636 0.150665
v -0.200135 0.130808 0.121455
v -0.057549 0.130808 0.121455
v -0.017748 0.103820 0.063444
v -0.239937 0.103820 0.063444
v -0.218484 -0.028281 0.049502
v -0.039201 -0.028281 0.049502
v -0.128842 -0.040861 0.049617
v -0.128842 -0.040861 0.049617
v -0.251551 0.025023 0.050764
v -0.006133 0.025023 0.050764
v -0.128842 0.248757 -0.095025
v -0.128842 0.248757 -0.095025
v -0.128842 0.248757 -0.095025
v -0.128842 0.248757 -0.095025
v -0.128842 0.359345 -0.098217
v -0.128842 0.359345 -0.098217
v -0.062829 0.248757 -0.067091
v -0.062829 0.248757 -0.067091
v -0.059777 0.359295 -0.069407
v -0.034352 0.248757 0.005996
v -0.034352 0.248757 0.005996
v -0.032579 0.303901 0.003973
v -0.030803 0.359313 0.001949
v -0.064224 0.248757 0.073286
v -0.064224 0.248757 0.073286
v -0.062224 0.304177 0.072371
v -0.060224 0.359534 0.071457
v -0.128842 0.248757 0.100130
v -0.128842 0.248757 0.100130
v -0.128842 0.304329 0.100025
v -0.128842 0.359652 0.099920
v -0.193461 0.248757 0.073286
v -0.193461 0.248757 0.073286
v -0.195460 0.304177 0.072371
v -0.197461 0.359534 0.071457
v -0.223333 0.248757 0.005996
v -0.223333 0.248757 0.005996
v -0.225106 0.303901 0.003973
v -0.226882 0.359313 0.001949
v -0.197907 0.359295 -0.069407
v -0.194856 0.248757 -0.067091
v -0.194856 0.248757 -0.067091
v -0.128842 0.231359 -0.113155
v -0.128842 0.231359 -0.113155
v -0.046223 0.231359 -0.078933
v -0.012001 0.231359 0.003686
v -0.046223 0.231359 0.086305
v -0.128842 0.231359 0.120527
v -0.211461 0.231359 0.086305
v -0.245683 0.231359 0.003686
v -0.211461 0.231359 -0.078933
v -0.128842 0.167252 -0.119703
v -0.128842 0.167252 -0.119703
v -0.041593 0.167252 -0.083563
v -0.005453 0.167252 0.003686
v -0.041593 0.167252 0.090935
v -0.128842 0.167252 0.127075
v -0.216092 0.167252 0.090935
v -0.252232 0.167252 0.003686
v -0.216092 0.167252 -0.083563
v 0.000000 0.487811 -0.177316
v -0.035894 0.472943 -0.177316
v -0.050762 0.437049 -0.177316
v -0.035894 0.401155 -0.177316
v 0.000000 0.386287 -0.177316
v 0.000000 0.386287 -0.177316
v 0.035894 0.401155 -0.177316
v 0.050762 0.437049 -0.177316
v 0.035894 0.472943 -0.177316
v 0.000000 0.437049 -0.864397
v -0.119637 0.317412 -0.657558
v 0.000000 0.267856 -0.657558
v 0.000000 0.267856 -0.657558
v -0.119637 0.556687 -0.657558
v -0.169193 0.437049 -0.657558
v 0.169193 0.437049 -0.657558
v 0.119638 0.556687 -0.657558
v 0.119638 0.317412 -0.657558
v 0.000000 0.606242 -0.657558
v -0.049370 0.387679 -0.841891
v -0.049370 0.486419 -0.841891
v 0.069820 0.437049 -0.841891
v 0.000000 0.506869 -0.841891
v 0.000000 0.367229 -0.841891
v 0.000000 0.367229 -0.841891
v -0.069820 0.437049 -0.841891
v 0.049370 0.486419 -0.841891
v 0.049370 0.387679 -0.841891
v 0.000000 0.346723 -0.417437
v 0.000000 0.346723 -0.417437
v -0.090326 0.437049 -0.417437
v 0.063870 0.500919 -0.417437
v 0.063870 0.373179 -0.417437
v -0.063870 0.373179 -0.417437
v -0.063870 0.500919 -0.417437
v 0.090326 0.437049 -0.417437
v 0.000000 0.527375 -0.417437
v -0.094949 0.342100 -0.537497
v -0.094949 0.531998 -0.537497
v 0.134278 0.437049 -0.537497
v 0.000000 0.571327 -0.537497
v 0.000000 0.302771 -0.537497
v 0.000000 0.302771 -0.537497
v -0.134278 0.437049 -0.537497
v 0.094949 0.531998 -0.537497
v 0.094949 0.342101 -0.537497
v 0.000000 0.376327 -0.297376
v 0.000000 0.376327 -0.297376
v -0.060722 0.437049 -0.297376
v 0.042937 0.479986 -0.297376
v 0.042937 0.394112 -0.297376
v -0.042937 0.394112 -0.297376
v -0.042937 0.479986 -0.297376
v 0.060722 0.437049 -0.297376
v 0.000000 0.497771 -0.297376
v 0.000000 0.284823 -0.761484
v 0.000000 0.284823 -0.761484
v -0.152226 0.437049 -0.761484
v 0.107640 0.544689 -0.761484
v 0.107640 0.329409 -0.761484
v -0.107640 0.329409 -0.761484
v -0.107640 0.544689 -0.761484
v 0.152226 0.437049 -0.761484
v 0.000000 0.589275 -0.761484
vn 0.2731 0.6802 0.6802
vn 0.2731 -0.0000 0.9620
vn 0.4389 -0.0000 0.8985
vn 0.4389 0.6353 0.6354
vn 0.2331 0.9725 -0.0000
vn 0.2331 0.6876 0.6876
vn 0.3495 0.6622 0.6629
vn 0.3474 0.9377 -0.0000
vn 0.2331 -0.9725 -0.0000
vn 0.2331 -0.6876 -0.6876
vn 0.3474 -0.6630 -0.6631
vn 0.3474 -0.9377 -0.0000
vn 0.2331 -0.0000 0.9725
vn 0.2331 -0.6876 0.6876
vn 0.3495 -0.6622 0.6629
vn 0.3500 -0.0000 0.9368
vn 0.2331 0.0007 -0.9725
vn 0.2331 0.6876 -0.6876
vn 0.3474 0.6631 -0.6630
vn 0.3468 -0.0000 -0.9379
vn 0.2331 -0.0007 -0.9725
vn 0.2775 -0.6793 -0.6793
vn 0.2775 -0.0007 -0.9607
vn 0.7705 -0.0007 -0.6375
vn 0.7705 -0.4508 -0.4508
vn 0.2775 -0.6793 0.6793
vn 0.2775 -0.9607 -0.0000
vn 0.7705 -0.6375 -0.0000
vn 0.7705 -0.4508 0.4508
vn 0.2775 0.6793 0.6793
vn 0.2775 -0.0000 0.9607
vn 0.7705 -0.0000 0.6375
vn 0.7705 0.4508 0.4508
vn 0.2775 0.9607 -0.0000
vn 0.7705 0.6375 -0.0000
vn 0.2775 0.0007 -0.9607
vn 0.2775 0.6793 -0.6793
vn 0.7705 0.4508 -0.4508
vn 0.7705 0.0007 -0.6375
vn 1.0000 -0.0000 -0.0000
vn 0.2731 -0.6802 0.6802
vn 0.2731 -0.9620 -0.0000
vn 0.4389 -0.8985 -0.0000
vn 0.4389 -0.6354 0.6353
vn 0.2731 -0.6802 -0.6802
vn 0.2731 -0.0007 -0.9620
vn 0.4383 -0.0000 -0.8988
vn 0.4389 -0.6353 -0.6354
vn 0.2731 0.0007 -0.9620
vn 0.2731 0.6802 -0.6802
vn 0.4389 0.6354 -0.6353
vn 0.2731 0.9620 -0.0000
vn 0.4389 0.8985 -0.0000
vn -0.0046 -1.0000 0.0007
vn 0.3461 -0.9382 -0.0000
vn 0.3461 -0.6634 -0.6634
vn -0.0046 -0.7071 -0.7071
vn 0.3481 -0.6625 0.6632
vn -0.0046 0.7071 -0.7071
vn 0.3461 0.6634 -0.6634
vn 0.3461 0.9382 -0.0000
vn -0.0046 1.0000 0.0007
vn 0.3482 0.6625 0.6632
vn -0.0045 -0.0006 -1.0000
vn -0.1046 0.7029 0.7036
vn -0.0046 0.0006 -1.0000
vn -0.1052 -0.0000 0.9945
vn 0.3487 -0.0000 0.9372
vn -0.1046 -0.7029 0.7036
vn -0.4999 0.6124 0.6124
vn -0.4999 0.8661 -0.0000
vn -0.8046 0.5938 -0.0000
vn -0.8046 0.4199 0.4199
vn -1.0000 -0.0000 -0.0000
vn -0.4999 -0.0000 0.8661
vn -0.8046 -0.0000 0.5938
vn -0.4999 0.6124 -0.6124
vn -0.8046 0.4199 -0.4199
vn -0.4999 -0.6124 0.6124
vn -0.8046 -0.4199 0.4199
vn -0.4999 -0.8661 -0.0000
vn -0.8046 -0.5938 -0.0000
vn -0.4999 -0.6124 -0.6124
vn -0.8046 -0.4199 -0.4199
vn -0.4999 -0.0007 -0.8661
vn -0.8046 -0.0007 -0.5938
vn -0.4999 0.0007 -0.8661
vn -0.8046 0.0007 -0.5938
vn -0.2556 0.6836 -0.6836
vn -0.2556 0.9668 -0.0000
vn -0.2556 0.6836 0.6836
vn -0.2556 -0.0000 0.9668
vn -0.2556 -0.6836 0.6836
vn -0.2556 -0.9668 -0.0000
vn -0.2556 -0.6836 -0.6836
vn -0.2556 -0.0006 -0.9668
vn -0.2556 0.0006 -0.9668
vn -0.1025 0.7034 -0.7034
vn -0.1025 0.9947 -0.0000
vn -0.1025 -0.9947 -0.0000
vn -0.1025 -0.7034 -0.7034
vn -0.1025 0.0006 -0.9947
vn -0.1025 -0.0006 -0.9947
vn 0.4383 0.6356 -0.6356
vn 0.4383 0.8988 -0.0000
vn 0.4383 -0.0000 0.8988
vn 0.4383 -0.6356 0.6355
vn 0.4383 -0.8988 -0.0000
vn 0.4383 -0.6356 -0.6356
vn 0.4383 0.6355 0.6356
vn -0.2731 0.6802 0.6802
vn -0.4389 0.6354 0.6353
vn -0.4389 -0.0000 0.8985
vn -0.2731 -0.0000 0.9620
vn -0.2331 0.9725 -0.0000
vn -0.3474 0.9377 -0.0000
vn -0.3495 0.6622 0.6629
vn -0.2331 0.6876 0.6876
vn -0.2331 -0.9725 -0.0000
vn -0.3474 -0.9377 -0.0000
vn -0.3474 -0.6631 -0.6630
vn -0.2331 -0.6876 -0.6876
vn -0.2331 -0.0000 0.9725
vn -0.3500 -0.0000 0.9368
vn -0.3495 -0.6622 0.6629
vn -0.2331 -0.6876 0.6876
vn -0.2331 0.0007 -0.9725
vn -0.3468 -0.0000 -0.9379
vn -0.3474 0.6630 -0.6631
vn -0.2331 0.6876 -0.6876
vn -0.2330 -0.0007 -0.9725
vn -0.2775 -0.6793 -0.6793
vn -0.7705 -0.4508 -0.4508
vn -0.7705 -0.0007 -0.6375
vn -0.2775 -0.0007 -0.9607
vn -0.2775 -0.6793 0.6793
vn -0.7705 -0.4508 0.4508
vn -0.7705 -0.6375 -0.0000
vn -0.2775 -0.9607 -0.0000
vn -0.2775 0.6793 0.6793
vn -0.7705 0.4508 0.4508
vn -0.7705 -0.0000 0.6375
vn -0.2775 -0.0000 0.9607
vn -0.2775 0.9607 -0.0000
vn -0.7705 0.6375 -0.0000
vn -0.2775 0.0007 -0.9607
vn -0.7705 0.0007 -0.6375
vn -0.7705 0.4508 -0.4508
vn -0.2775 0.6793 -0.6793
vn -0.2731 -0.6802 0.6802
vn -0.4389 -0.6353 0.6354
vn -0.4389 -0.8985 -0.0000
vn -0.2731 -0.9620 -0.0000
vn -0.2731 -0.6802 -0.6802
vn -0.4389 -0.6354 -0.6353
vn -0.4383 -0.0000 -0.8988
vn -0.2731 -0.0007 -0.9620
vn -0.2731 0.0007 -0.9620
vn -0.4389 0.6353 -0.6354
vn -0.2731 0.6802 -0.6802
vn -0.2731 0.9620 -0.0000
vn -0.4389 0.8985 -0.0000
vn 0.0046 -1.0000 0.0007
vn 0.0046 -0.7071 -0.7071
vn -0.3461 -0.6634 -0.6634
vn -0.3461 -0.9382 -0.0000
vn -0.3481 -0.6625 0.6632
vn 0.0046 0.7071 -0.7071
vn 0.0046 1.0000 0.0007
vn -0.3461 0.9382 -0.0000
vn -0.3461 0.6634 -0.6634
vn -0.3482 0.6625 0.6632
vn 0.0046 -0.0006 -1.0000
vn 0.1046 0.7029 0.7036
vn 0.0045 0.0006 -1.0000
vn 0.1052 -0.0000 0.9945
vn 0.1046 -0.7029 0.7036
vn -0.3487 -0.0000 0.9372
vn 0.4999 0.6124 0.6124
vn 0.8046 0.4199 0.4199
vn 0.8046 0.5938 -0.0000
vn 0.4999 0.8661 -0.0000
vn 0.4999 -0.0000 0.8661
vn 0.8046 -0.0000 0.5938
vn 0.8046 0.4199 -0.4199
vn 0.4999 0.6124 -0.6124
vn 0.4999 -0.6124 0.6124
vn 0.8046 -0.4199 0.4199
vn 0.4999 -0.8661 -0.0000
vn 0.8046 -0.5938 -0.0000
vn 0.4999 -0.6124 -0.6124
vn 0.8046 -0.4199 -0.4199
vn 0.4999 -0.0007 -0.8661
vn 0.8046 -0.0007 -0.5938
vn 0.8046 0.0007 -0.5938
vn 0.4999 0.0007 -0.8661
vn 0.2556 0.6836 -0.6836
vn 0.2556 0.9668 -0.0000
vn 0.2556 0.6836 0.6836
vn 0.2556 -0.0000 0.9668
vn 0.2556 -0.6836 0.6836
vn 0.2556 -0.9668 -0.0000
vn 0.2556 -0.6836 -0.6836
vn 0.2556 -0.0006 -0.9668
vn 0.2556 0.0006 -0.9668
vn 0.1025 0.7034 -0.7034
vn 0.1025 0.9947 -0.0000
vn 0.1025 -0.9947 -0.0000
vn 0.1025 -0.7034 -0.7034
vn 0.1026 0.0006 -0.9947
vn 0.1025 -0.0006 -0.9947
vn -0.4383 0.6356 -0.6355
vn -0.4383 0.8988 -0.0000
vn -0.4383 -0.0000 0.8988
vn -0.4383 -0.6356 0.6356
vn -0.4383 -0.8988 -0.0000
vn -0.4383 -0.6355 -0.6356
vn -0.4383 0.6355 0.6356
vn 0.7248 0.0819 0.6840
vn 0.5415 0.2305 0.8085
vn -0.1142 -0.6194 0.7767
vn -0.1791 -0.3446 0.9215
vn 0.2861 -0.5410 0.7909
vn 0.5857 -0.3831 0.7143
vn -0.0775 0.5703 0.8177
vn 0.0318 0.6321 0.7743
vn -0.0000 -0.5595 0.8288
vn -0.0000 0.6513 0.7588
vn 0.3408 0.4059 0.8480
vn 0.0008 0.4640 0.8858
vn -0.0000 -0.6258 0.7800
vn -0.0257 -0.6240 0.7810
vn 0.6280 -0.6163 -0.4752
vn 0.5621 -0.5000 -0.6588
vn 0.8092 -0.1261 -0.5738
vn 0.8578 -0.1905 -0.4774
vn 0.2909 -0.6815 -0.6715
vn 0.3144 -0.8718 -0.3756
vn 0.8352 0.3542 -0.4207
vn 0.7760 0.6306 0.0144
vn 0.8181 0.5744 -0.0268
vn 0.7441 -0.1153 0.6581
vn 0.9695 -0.2288 0.0876
vn 0.9487 -0.2204 -0.2265
vn 0.7218 -0.6789 0.1346
vn 0.7142 -0.6788 -0.1706
vn 0.7508 -0.0657 -0.6573
vn 0.5714 -0.0271 -0.8202
vn 0.5984 0.3351 -0.7278
vn 0.7769 0.3222 -0.5409
vn 0.5881 0.7007 -0.4039
vn 0.4990 0.6473 -0.5763
vn 0.6183 0.7407 -0.2629
vn -0.2673 0.1851 0.9457
vn -0.7490 0.3460 0.5650
vn -0.4932 0.7581 0.4266
vn 0.0006 -0.7195 -0.6945
vn 0.0006 -0.5936 -0.8047
vn 0.2445 -0.5662 -0.7871
vn 0.2554 -0.9616 0.1001
vn 0.3106 0.9258 -0.2155
vn 0.4596 0.8880 -0.0152
vn 0.6445 0.7165 0.2669
vn 0.2651 0.9056 -0.3311
vn 0.0006 0.9431 -0.3324
vn 0.0006 0.9739 -0.2270
vn 0.4680 0.8835 0.0215
vn 0.0006 0.9852 -0.1716
vn 0.0007 0.9984 0.0571
vn 0.6233 0.7740 -0.1117
vn 0.4845 0.8589 0.1662
vn 0.2107 -0.4069 -0.8889
vn 0.2715 -0.0338 -0.9619
vn 0.4636 -0.3169 -0.8274
vn -0.0000 -0.0509 -0.9987
vn 0.0001 0.4983 -0.8670
vn 0.2827 0.4457 -0.8494
vn -0.0000 0.8318 -0.5550
vn 0.2405 0.7829 -0.5738
vn -0.0000 -0.4414 -0.8973
vn 0.5399 -0.4023 -0.7394
vn 0.0006 0.9461 0.3238
vn 0.3791 -0.9232 -0.0625
vn 0.7536 0.6554 -0.0504
vn -0.0000 -0.9971 0.0767
vn 0.0007 -0.8699 -0.4932
vn -0.0000 -0.9528 0.3036
vn 0.2290 -0.9519 0.2037
vn 0.3527 -0.9356 -0.0180
vn 0.3049 -0.8977 -0.3182
vn -0.3049 -0.8977 -0.3182
vn -0.3144 -0.8718 -0.3756
vn -0.0007 -0.8699 -0.4932
vn -0.0005 -0.8849 -0.4658
vn 0.6471 0.4040 0.6466
vn -0.0000 0.3531 0.9356
vn 0.2903 0.6517 0.7008
vn 0.5178 0.6810 0.5178
vn 0.6448 0.4091 -0.6457
vn 0.9142 0.4052 -0.0012
vn 0.7323 0.6810 -0.0000
vn 0.5178 0.6810 -0.5178
vn -0.6838 -0.4294 0.5900
vn -0.4658 -0.7944 0.3899
vn -0.1425 0.9188 0.3682
vn -0.0000 0.9366 0.3504
vn -0.0002 -0.9334 0.3588
vn -0.2576 -0.9009 0.3494
vn 0.0005 0.4101 -0.9120
vn 0.0006 0.6810 -0.7323
vn -0.6564 0.0630 -0.7518
vn 0.0003 0.0943 -0.9955
vn 0.9989 -0.0403 -0.0222
vn 0.6564 0.0630 -0.7518
vn -0.0001 0.0226 0.9997
vn 0.6563 -0.0106 0.7544
vn 0.5600 0.5938 -0.5778
vn 0.0007 0.6095 -0.7928
vn -0.0002 0.0931 -0.9957
vn 0.6565 0.0617 -0.7518
vn 0.8080 0.5892 0.0040
vn 0.9989 -0.0410 -0.0223
vn 0.5591 0.5923 0.5801
vn 0.6563 -0.0107 0.7544
vn -0.0000 0.6115 0.7912
vn 0.0001 0.0213 0.9998
vn 0.6883 0.2109 0.6941
vn -0.0000 0.2217 0.9751
vn 0.9783 0.2072 -0.0001
vn 0.6888 0.2174 -0.6916
vn 0.0007 0.2283 -0.9736
vn 0.1386 0.5545 0.8206
vn -0.0996 0.9892 0.1074
vn 0.0524 0.8677 -0.4944
vn 0.2736 0.6560 -0.7034
vn 0.5497 0.6774 -0.4889
vn 0.8106 0.5801 -0.0805
vn 0.8143 0.5355 0.2241
vn 0.5102 0.4134 0.7542
vn -0.7249 0.0819 0.6840
vn 0.1791 -0.3446 0.9215
vn 0.1142 -0.6194 0.7767
vn -0.5415 0.2305 0.8085
vn -0.2861 -0.5410 0.7909
vn -0.0318 0.6321 0.7743
vn 0.0775 0.5703 0.8177
vn -0.5857 -0.3831 0.7143
vn -0.3408 0.4059 0.8480
vn 0.0257 -0.6241 0.7809
vn -0.0008 0.4640 0.8858
vn -0.6280 -0.6163 -0.4752
vn -0.8578 -0.1905 -0.4774
vn -0.8092 -0.1261 -0.5738
vn -0.5621 -0.5000 -0.6588
vn -0.2906 -0.6815 -0.6716
vn -0.8352 0.3542 -0.4207
vn -0.7760 0.6306 0.0144
vn -0.8181 0.5744 -0.0268
vn -0.9695 -0.2288 0.0876
vn -0.7441 -0.1153 0.6581
vn -0.9487 -0.2204 -0.2265
vn -0.7142 -0.6788 -0.1706
vn -0.7218 -0.6789 0.1346
vn -0.7508 -0.0657 -0.6573
vn -0.7769 0.3222 -0.5409
vn -0.5984 0.3351 -0.7278
vn -0.5714 -0.0271 -0.8202
vn -0.5881 0.7007 -0.4039
vn -0.4990 0.6473 -0.5763
vn -0.6183 0.7407 -0.2629
vn 0.4932 0.7581 0.4266
vn 0.7490 0.3460 0.5650
vn 0.2673 0.1851 0.9457
vn -0.0006 -0.7195 -0.6945
vn -0.2445 -0.5662 -0.7871
vn -0.0006 -0.5936 -0.8047
vn -0.2554 -0.9616 0.1001
vn -0.6445 0.7165 0.2669
vn -0.4596 0.8880 -0.0152
vn -0.3106 0.9258 -0.2155
vn -0.0006 0.9739 -0.2270
vn -0.0006 0.9431 -0.3324
vn -0.2651 0.9056 -0.3311
vn -0.4680 0.8835 0.0215
vn -0.0007 0.9984 0.0570
vn -0.0006 0.9852 -0.1716
vn -0.6232 0.7740 -0.1117
vn -0.4845 0.8589 0.1662
vn -0.2107 -0.4069 -0.8889
vn -0.4636 -0.3169 -0.8274
vn -0.2715 -0.0338 -0.9619
vn -0.2827 0.4457 -0.8494
vn -0.0001 0.4983 -0.8670
vn -0.2405 0.7829 -0.5738
vn -0.5399 -0.4023 -0.7394
vn -0.0006 0.9461 0.3238
vn -0.3791 -0.9232 -0.0625
vn -0.7536 0.6554 -0.0504
vn -0.2290 -0.9519 0.2037
vn -0.3527 -0.9356 -0.0180
vn -0.0002 0.0943 -0.9955
vn 0.0005 -0.8849 -0.4658
vn -0.6471 0.4040 0.6466
vn -0.5178 0.6810 0.5178
vn -0.2903 0.6517 0.7008
vn -0.6448 0.4091 -0.6457
vn -0.5178 0.6810 -0.5178
vn -0.7323 0.6810 -0.0000
vn -0.9142 0.4052 -0.0012
vn 0.6838 -0.4294 0.5900
vn 0.4658 -0.7944 0.3899
vn 0.1424 0.9188 0.3682
vn 0.2576 -0.9009 0.3494
vn 0.0001 -0.9334 0.3588
vn -0.0005 0.4101 -0.9120
vn -0.0006 0.6809 -0.7323
vn -0.6564 -0.0106 0.7544
vn -0.9989 -0.0403 -0.0223
vn -0.5600 0.5938 -0.5778
vn -0.6565 0.0617 -0.7518
vn 0.0002 0.0931 -0.9957
vn -0.0007 0.6095 -0.7928
vn -0.8080 0.5892 0.0040
vn -0.9989 -0.0410 -0.0222
vn -0.5591 0.5923 0.5801
vn -0.6563 -0.0107 0.7544
vn -0.6883 0.2109 0.6941
vn -0.9783 0.2072 -0.0001
vn -0.6888 0.2174 -0.6916
vn -0.0007 0.2283 -0.9736
vn -0.1386 0.5545 0.8206
vn 0.0996 0.9892 0.1074
vn -0.0524 0.8676 -0.4944
vn -0.2736 0.6560 -0.7034
vn -0.5498 0.6772 -0.4889
vn -0.8106 0.5801 -0.0805
vn -0.8144 0.5354 0.2239
vn -0.5102 0.4134 0.7542
vn 0.7183 0.0629 0.6929
vn 0.3980 0.3203 0.8597
vn 0.2663 -0.1178 0.9566
vn 0.2009 -0.0741 0.9768
vn 0.7533 -0.0630 0.6547
vn 0.9693 -0.0998 -0.2246
vn 0.8838 0.4498 -0.1290
vn -0.4526 0.7657 -0.4569
vn -0.5467 0.6483 -0.5299
vn -0.7309 0.6303 0.2618
vn -0.4230 0.8677 0.2610
vn 0.5949 0.1194 -0.7949
vn 0.5618 0.4129 -0.7168
vn 0.2554 0.0372 0.9661
vn 0.3334 0.9338 0.1296
vn 0.0993 0.7174 -0.6895
vn -0.0821 0.3399 0.9369
vn -0.0824 0.3243 0.9424
vn -0.7205 0.6367 0.2746
vn 0.1710 0.4316 0.8857
vn 0.5964 -0.0232 -0.8024
vn -0.0039 0.3469 -0.9379
vn 0.0022 0.4405 -0.8978
vn 0.9473 -0.2618 -0.1844
vn 0.4587 0.0117 0.8885
vn 0.3613 -0.1159 0.9252
vn -0.5729 0.6123 -0.5448
vn 0.8406 -0.0608 0.5382
vn 0.5989 0.2908 0.7462
vn 0.4166 0.1641 0.8941
vn 0.5011 0.2089 0.8398
vn 0.3554 0.0357 0.9340
vn 0.5300 0.1922 0.8259
vn 0.6701 0.6448 0.3677
vn 0.5674 0.3036 0.7654
vn -0.0000 0.6120 0.7908
vn -0.0000 0.9499 0.3125
vn 0.9249 -0.0544 0.3762
vn 0.7747 -0.1758 0.6074
vn 0.5837 -0.7161 0.3828
vn 0.4076 -0.8353 0.3690
vn -0.0000 -0.9426 0.3339
vn -0.0000 -0.9723 0.2335
vn -0.0000 0.0228 0.9997
vn 0.6451 0.0228 0.7638
vn 0.5274 0.6243 0.5763
vn -0.0000 0.7515 0.6598
vn -0.0000 -0.6319 0.7750
vn 0.5086 -0.5397 0.6708
vn 0.7349 0.1482 0.6618
vn 0.5908 0.3714 0.7163
vn 0.3828 0.4367 0.8141
vn 0.5671 0.3032 0.7658
vn -0.0000 0.4481 0.8940
vn 0.3905 0.6139 0.6860
vn -0.0000 0.6236 0.7817
vn 0.5908 -0.6166 0.5203
vn 0.7748 -0.2380 0.5856
vn 0.7738 -0.1757 0.6085
vn 0.4069 -0.8354 0.3694
vn 0.6677 0.3273 -0.6686
vn 0.9443 0.3290 0.0008
vn 0.9992 -0.0412 -0.0000
vn 0.7097 -0.0415 -0.7033
vn 0.6681 0.3280 0.6679
vn 0.7096 -0.0413 0.7034
vn 0.0006 0.3269 -0.9451
vn 0.0007 -0.0268 -0.9996
vn -0.0000 0.3279 0.9447
vn -0.0000 -0.0264 0.9997
vn -0.0000 -0.7060 0.7082
vn 0.5307 -0.6364 0.5598
vn 0.5307 -0.6363 -0.5598
vn 0.0007 -0.7060 -0.7082
vn 0.6317 -0.7752 -0.0000
vn -0.0000 -1.0000 -0.0000
vn 0.6576 0.5056 0.5585
vn 0.8382 0.2010 0.5069
vn 0.8878 -0.1497 0.4352
vn 0.7365 -0.5969 0.3182
vn 0.2866 -0.9320 0.2218
vn -0.0000 -0.9724 0.2335
vn -0.0000 -0.9780 0.2084
vn -0.7183 0.0629 0.6929
vn -0.2009 -0.0741 0.9768
vn -0.2663 -0.1178 0.9566
vn -0.3980 0.3203 0.8597
vn -0.7533 -0.0630 0.6547
vn -0.8838 0.4498 -0.1290
vn -0.9693 -0.0998 -0.2246
vn 0.4526 0.7657 -0.4569
vn 0.4230 0.8677 0.2610
vn 0.7309 0.6303 0.2618
vn 0.5467 0.6483 -0.5299
vn -0.5618 0.4129 -0.7168
vn -0.5949 0.1194 -0.7949
vn -0.2554 0.0372 0.9661
vn -0.3334 0.9338 0.1296
vn -0.0993 0.7174 -0.6895
vn 0.0824 0.3243 0.9424
vn 0.0821 0.3399 0.9369
vn 0.7205 0.6367 0.2746
vn -0.1710 0.4316 0.8857
vn -0.5964 -0.0232 -0.8024
vn -0.0022 0.4405 -0.8978
vn 0.0039 0.3469 -0.9379
vn -0.9477 -0.2614 -0.1831
vn -0.3613 -0.1158 0.9252
vn -0.4587 0.0117 0.8885
vn 0.5729 0.6123 -0.5448
vn -0.8406 -0.0608 0.5382
vn -0.5989 0.2908 0.7462
vn -0.5011 0.2089 0.8398
vn -0.4166 0.1641 0.8941
vn -0.3554 0.0357 0.9340
vn -0.5300 0.1922 0.8259
vn -0.6701 0.6448 0.3677
vn -0.5677 0.3033 0.7653
vn -0.9249 -0.0544 0.3762
vn -0.7747 -0.1758 0.6074
vn -0.5837 -0.7161 0.3828
vn -0.4076 -0.8353 0.3690
vn -0.5274 0.6243 0.5763
vn -0.6451 0.0228 0.7638
vn -0.5086 -0.5397 0.6708
vn -0.7349 0.1482 0.6618
vn -0.5671 0.3032 0.7659
vn -0.3828 0.4367 0.8141
vn -0.5907 0.3714 0.7163
vn -0.3904 0.6139 0.6861
vn -0.5909 -0.6166 0.5203
vn -0.4070 -0.8354 0.3694
vn -0.7738 -0.1757 0.6085
vn -0.7748 -0.2380 0.5856
vn -0.6677 0.3273 -0.6686
vn -0.7097 -0.0415 -0.7033
vn -0.9992 -0.0412 -0.0000
vn -0.9446 0.3282 0.0001
vn -0.7096 -0.0413 0.7034
vn -0.6681 0.3280 0.6679
vn -0.0006 0.3269 -0.9450
vn -0.0007 -0.0268 -0.9996
vn -0.5307 -0.6364 0.5598
vn -0.0007 -0.7060 -0.7082
vn -0.5307 -0.6363 -0.5598
vn -0.6317 -0.7752 -0.0000
vn -0.6576 0.5056 0.5585
vn -0.8382 0.2011 0.5069
vn -0.8878 -0.1497 0.4352
vn -0.7365 -0.5969 0.3182
vn -0.2866 -0.9320 0.2218
vn 0.0007 -0.1810 -0.9835
vn 0.6685 -0.1810 -0.7214
vn 0.4738 -0.7232 -0.5025
vn 0.0007 -0.7904 -0.6125
vn -0.0006 -1.0000 -0.0028
vn -0.0006 -0.9943 0.1065
vn -0.5659 -0.7966 0.2124
vn -0.5621 -0.8271 -0.0034
vn 0.9536 -0.1901 -0.2335
vn 0.5710 -0.8043 -0.1644
vn -0.9536 -0.1901 -0.2335
vn -0.6685 -0.1810 -0.7214
vn -0.4738 -0.7232 -0.5026
vn -0.5710 -0.8043 -0.1645
vn -0.0000 0.7516 0.6596
vn -0.5311 0.6672 0.5223
vn -0.5480 0.3712 0.7496
vn -0.0000 0.4064 0.9137
vn -0.0007 -0.1811 -0.9835
vn -0.0007 -0.7904 -0.6126
vn -0.0000 -0.0936 0.9956
vn -0.5748 -0.1134 0.8104
vn -0.4196 -0.6832 0.5977
vn -0.0000 -0.7428 0.6695
vn -0.9311 -0.1592 0.3281
vn 0.9311 -0.1592 0.3281
vn 0.5748 -0.1134 0.8104
vn 0.4196 -0.6832 0.5977
vn 0.5659 -0.7966 0.2124
vn 0.5311 0.6673 0.5222
vn 0.5480 0.3712 0.7496
vn -0.9783 -0.2066 0.0146
vn 0.9357 0.2965 0.1912
vn 0.8930 0.2655 0.3634
vn 0.9783 -0.2066 0.0146
vn -0.0006 -0.9964 -0.0842
vn 0.5621 -0.8271 -0.0034
vn 0.0006 -0.9943 0.1065
vn 0.0006 -1.0000 -0.0028
vn 0.0006 -0.9965 -0.0842
vn -0.9357 0.2965 0.1912
vn -0.8930 0.2655 0.3634
vn -0.6526 -0.2949 -0.6980
vn -0.0006 -0.2460 -0.9693
vn -0.9550 -0.2952 -0.0276
vn 0.6526 -0.2948 -0.6980
vn 0.9550 -0.2952 -0.0276
vn 0.0006 -0.2464 -0.9692
vn -0.7520 0.0268 0.6586
vn 0.7520 0.0268 0.6586
vn -0.0000 0.2876 0.9578
vn -0.6697 0.3303 -0.6651
vn -0.0006 0.3326 -0.9431
vn -0.0007 0.1472 -0.9891
vn -0.7041 0.1434 -0.6954
vn 0.7040 0.1435 -0.6956
vn 0.9994 -0.0325 0.0153
vn 0.6249 0.4463 -0.6405
vn 0.6701 0.3301 -0.6649
vn 0.9434 0.3315 -0.0002
vn 0.9895 0.1446 0.0041
vn 0.8802 0.4738 0.0273
vn 0.6667 0.3408 0.6628
vn -0.0001 0.3468 0.9379
vn -0.0001 0.1702 0.9854
vn 0.6974 0.1611 0.6984
vn -0.0001 0.0018 1.0000
vn 0.7015 -0.0103 0.7126
vn -0.0000 0.4650 0.8853
vn 0.6057 0.4685 0.6431
vn -0.6669 0.3412 0.6624
vn -0.9434 0.3316 -0.0001
vn -0.9894 0.1448 0.0037
vn -0.6971 0.1607 0.6987
vn -0.9994 -0.0325 0.0153
vn -0.7015 -0.0103 0.7126
vn -0.8802 0.4738 0.0273
vn -0.6057 0.4686 0.6431
vn -0.6249 0.4463 -0.6405
vn 0.0006 0.3325 -0.9431
vn 0.0006 0.1473 -0.9891
vn -0.0000 0.4234 -0.9059
vn 0.6431 0.4322 -0.6322
vn 0.6956 -0.2569 -0.6710
vn 0.0007 -0.2057 -0.9786
vn 0.0007 0.4120 -0.9112
vn 0.6402 0.4396 0.6300
vn 0.6982 -0.2584 0.6676
vn 0.9575 -0.2882 -0.0144
vn 0.8941 0.4479 -0.0043
vn -0.6402 0.4395 0.6300
vn -0.6982 -0.2584 0.6676
vn -0.0001 -0.2265 0.9740
vn 0.0001 0.4309 0.9024
vn -0.6438 0.4317 -0.6318
vn -0.6956 -0.2569 -0.6710
vn -0.9575 -0.2881 -0.0144
vn -0.8940 0.4481 -0.0044
vn -0.0007 0.4120 -0.9112
vn -0.0007 -0.2057 -0.9786
vn -0.8799 0.4744 0.0273
vn -0.6247 0.4469 -0.6403
vn -0.6054 0.4692 0.6429
vn -0.0000 0.4656 0.8850
vn 0.6055 0.4692 0.6429
vn 0.6247 0.4470 -0.6403
vn -0.0007 -0.7904 -0.6125
vn -0.4738 -0.7232 -0.5025
vn -0.5710 -0.8043 -0.1644
vn 0.5710 -0.8043 -0.1645
vn 0.4738 -0.7232 -0.5026
vn 0.5311 0.6672 0.5223
vn 0.0007 -0.7904 -0.6126
vn 0.0007 -0.1811 -0.9835
vn -0.5660 -0.7966 0.2124
vn -0.5311 0.6673 0.5222
vn 0.0006 -0.9964 -0.0842
vn -0.0006 -0.9965 -0.0842
vn 0.6526 -0.2949 -0.6980
vn 0.0006 -0.2460 -0.9693
vn -0.6526 -0.2948 -0.6980
vn -0.0006 -0.2459 -0.9693
vn 0.7041 0.1434 -0.6954
vn 0.0007 0.1473 -0.9891
vn -0.7040 0.1435 -0.6956
vn -0.9994 -0.0324 0.0154
vn -0.6700 0.3300 -0.6650
vn -0.9895 0.1446 0.0041
vn -0.9434 0.3315 -0.0002
vn -0.6667 0.3408 0.6628
vn -0.6974 0.1611 0.6984
vn 0.0001 0.1702 0.9854
vn 0.0001 0.3468 0.9379
vn 0.0001 0.0018 1.0000
vn -0.6057 0.4685 0.6431
vn 0.6671 0.3414 0.6622
vn 0.6971 0.1607 0.6987
vn 0.9894 0.1448 0.0037
vn 0.9434 0.3316 -0.0001
vn 0.6057 0.4686 0.6431
vn -0.0006 0.3325 -0.9431
vn -0.0006 0.1472 -0.9891
vn -0.6431 0.4321 -0.6322
vn -0.6402 0.4396 0.6300
vn -0.8941 0.4479 -0.0044
vn -0.9575 -0.2882 -0.0144
vn 0.6402 0.4395 0.6300
vn -0.0001 0.4309 0.9024
vn 0.0001 -0.2265 0.9740
vn 0.8940 0.4480 -0.0045
vn 0.6247 0.4469 -0.6403
vn 0.8799 0.4744 0.0273
vn -0.6247 0.4470 -0.6403
vn -0.0007 -0.5555 -0.8315
vn -0.3928 -0.3928 -0.8315
vn -0.0000 -0.0000 -1.0000
vn -0.5555 -0.0000 -0.8315
vn -0.3928 0.3928 -0.8315
vn 0.3928 0.3928 -0.8315
vn 0.5555 -0.0000 -0.8315
vn 0.3928 -0.3928 -0.8315
vn 0.0007 -0.5555 -0.8315
vn -0.0000 0.5555 -0.8315
vn 0.9510 -0.0000 0.3093
vn 0.6724 -0.6725 0.3093
vn 0.7059 -0.7059 0.0575
vn 0.9983 -0.0000 0.0575
vn -0.0000 0.9510 0.3093
vn 0.6725 0.6724 0.3093
vn 0.7059 0.7059 0.0575
vn -0.0000 0.9983 0.0575
vn -0.6724 0.6725 0.3093
vn -0.7059 0.7059 0.0575
vn -0.6725 -0.6724 0.3093
vn -0.9510 -0.0000 0.3093
vn -0.9983 -0.0000 0.0575
vn -0.7059 -0.7059 0.0575
vn 0.0006 -0.9510 0.3092
vn 0.0007 -0.9983 0.0575
vn 0.9015 -0.0000 -0.4328
vn 0.6374 -0.6374 -0.4328
vn -0.0000 0.9015 -0.4328
vn 0.6374 0.6374 -0.4328
vn -0.6374 0.6374 -0.4328
vn -0.6374 -0.6374 -0.4328
vn -0.9015 -0.0000 -0.4328
vn 0.0007 -0.9015 -0.4328
vn -0.0007 -0.9015 -0.4328
vn -0.0006 -0.9510 0.3093
vn -0.0006 -0.9983 0.0576
vn -0.0006 -0.9863 0.1647
vn -0.6975 -0.6974 0.1647
vn -0.6755 -0.6755 0.2958
vn -0.0006 -0.9553 0.2958
vn -0.9863 -0.0000 0.1647
vn -0.6974 0.6975 0.1647
vn -0.6755 0.6755 0.2958
vn -0.9552 -0.0000 0.2958
vn 0.6975 0.6974 0.1647
vn 0.9863 -0.0000 0.1647
vn 0.9552 -0.0000 0.2958
vn 0.6755 0.6755 0.2958
vn 0.6974 -0.6975 0.1647
vn 0.0006 -0.9863 0.1647
vn 0.0006 -0.9553 0.2958
vn 0.6755 -0.6755 0.2958
vn -0.0000 0.9863 0.1647
vn -0.0000 0.9552 0.2958
vn 0.9966 -0.0000 0.0827
vn 0.7047 -0.7047 0.0827
vn -0.0000 0.9966 0.0827
vn 0.7047 0.7047 0.0827
vn -0.7047 0.7047 0.0827
vn -0.7047 -0.7047 0.0827
vn -0.9966 -0.0000 0.0827
vn 0.0006 -0.9966 0.0827
vn -0.0006 -0.9966 0.0827
vt 0.897680 0.813550
vt 0.896940 0.790620
vt 0.913210 0.790330
vt 0.913790 0.812420
vt 0.851170 0.073900
vt 0.840710 0.102530
vt 0.825730 0.106360
vt 0.833930 0.075180
vt 0.863340 0.177170
vt 0.883220 0.195080
vt 0.869570 0.203060
vt 0.851720 0.185030
vt 0.840050 0.130550
vt 0.848180 0.155850
vt 0.836470 0.163110
vt 0.826960 0.136450
vt 0.899120 0.026290
vt 0.871230 0.046610
vt 0.850840 0.044730
vt 0.872950 0.013270
vt 0.902170 0.213220
vt 0.886230 0.221740
vt 0.875440 0.259670
vt 0.899780 0.263150
vt 0.891830 0.281460
vt 0.877960 0.275650
vt 0.839890 0.282660
vt 0.853980 0.266940
vt 0.863690 0.278560
vt 0.853540 0.287720
vt 0.843240 0.320880
vt 0.836170 0.302510
vt 0.850110 0.300230
vt 0.854190 0.312260
vt 0.858640 0.332910
vt 0.864460 0.320160
vt 0.898960 0.333010
vt 0.878400 0.336280
vt 0.878030 0.321820
vt 0.891840 0.317100
vt 0.871590 0.300320
vt 0.897370 0.767820
vt 0.899340 0.744540
vt 0.914740 0.746940
vt 0.913480 0.768490
vt 0.903110 0.720430
vt 0.915240 0.698410
vt 0.924880 0.705310
vt 0.917620 0.725940
vt 0.912030 0.889160
vt 0.902990 0.862210
vt 0.918250 0.857980
vt 0.924880 0.882240
vt 0.899680 0.837170
vt 0.915300 0.834850
vt 0.848180 0.744290
vt 0.830690 0.741900
vt 0.831990 0.717330
vt 0.850110 0.718680
vt 0.829840 0.766530
vt 0.849590 0.862750
vt 0.831550 0.863780
vt 0.830570 0.839560
vt 0.848360 0.837450
vt 0.829750 0.815140
vt 0.833420 0.692620
vt 0.850740 0.693560
vt 0.862640 0.813440
vt 0.849290 0.887250
vt 0.832420 0.887800
vt 0.861400 0.791130
vt 0.829540 0.790850
vt 0.862190 0.768730
vt 0.872170 0.104620
vt 0.882780 0.086910
vt 0.892700 0.096860
vt 0.884170 0.108850
vt 0.905160 0.127500
vt 0.869510 0.124090
vt 0.881510 0.123200
vt 0.901140 0.075720
vt 0.906250 0.092010
vt 0.874530 0.142500
vt 0.884980 0.137160
vt 0.886310 0.157710
vt 0.894070 0.148490
vt 0.903130 0.168190
vt 0.907310 0.155450
vt 0.923750 0.171170
vt 0.922840 0.156060
vt 0.923750 0.081260
vt 0.921930 0.097550
vt 0.888190 0.058140
vt 0.867570 0.078020
vt 0.856260 0.102210
vt 0.854360 0.126750
vt 0.861100 0.149350
vt 0.875220 0.168390
vt 0.894880 0.183410
vt 0.916150 0.194880
vt 0.916700 0.051930
vt 0.868370 0.863220
vt 0.866710 0.838020
vt 0.866470 0.744630
vt 0.868820 0.719320
vt 0.866600 0.886630
vt 0.868850 0.694740
vt 0.877130 0.347120
vt 0.854160 0.342540
vt 0.825730 0.305000
vt 0.829150 0.279890
vt 0.845300 0.259210
vt 0.870600 0.248290
vt 0.900360 0.344270
vt 0.835200 0.327760
vt 0.900360 0.248280
vt 0.265050 0.194420
vt 0.296530 0.144780
vt 0.311890 0.152950
vt 0.281630 0.200370
vt 0.233490 0.352640
vt 0.233590 0.302480
vt 0.249830 0.307740
vt 0.248330 0.355550
vt 0.238230 0.399900
vt 0.251270 0.399900
vt 0.323040 0.100130
vt 0.361670 0.070160
vt 0.370240 0.081810
vt 0.336580 0.113040
vt 0.132070 0.253500
vt 0.099030 0.225400
vt 0.125380 0.185570
vt 0.149770 0.209170
vt 0.070360 0.256080
vt 0.111380 0.290550
vt 0.147600 0.141620
vt 0.176520 0.155260
vt 0.240640 0.182720
vt 0.244060 0.247240
vt 0.216080 0.238060
vt 0.181960 0.225920
vt 0.208770 0.287450
vt 0.173230 0.270700
vt 0.103490 0.158680
vt 0.075060 0.133080
vt 0.089260 0.109240
vt 0.119640 0.126370
vt 0.126820 0.094140
vt 0.099970 0.089420
vt 0.156960 0.098490
vt 0.261270 0.253750
vt 0.279580 0.264740
vt 0.270210 0.310680
vt 0.032110 0.266850
vt 0.015020 0.205470
vt 0.049090 0.204760
vt 0.207530 0.339480
vt 0.157790 0.054250
vt 0.199580 0.047740
vt 0.188090 0.098570
vt 0.120490 0.060690
vt 0.102390 0.029040
vt 0.144990 0.017570
vt 0.249780 0.045330
vt 0.201300 0.013270
vt 0.254610 0.018840
vt 0.269420 0.136900
vt 0.291950 0.081440
vt 0.040780 0.152600
vt 0.049170 0.114750
vt 0.064820 0.158720
vt 0.025870 0.098000
vt 0.044970 0.069270
vt 0.064950 0.088730
vt 0.068270 0.048130
vt 0.087230 0.069280
vt 0.013270 0.145070
vt 0.081200 0.188750
vt 0.311200 0.037140
vt 0.171090 0.302710
vt 0.202010 0.183740
vt 0.216630 0.399900
vt 0.054390 0.313310
vt 0.200140 0.399900
vt 0.190300 0.354700
vt 0.159730 0.323370
vt 0.112480 0.314780
vt 0.112470 0.485020
vt 0.111360 0.509250
vt 0.054390 0.486480
vt 0.069810 0.467030
vt 0.558170 0.268100
vt 0.562670 0.205460
vt 0.593980 0.216890
vt 0.585080 0.278070
vt 0.472240 0.356810
vt 0.523060 0.321860
vt 0.542390 0.341950
vt 0.482530 0.382590
vt 0.299740 0.209390
vt 0.329020 0.168900
vt 0.270470 0.356880
vt 0.272760 0.399900
vt 0.381510 0.096940
vt 0.355640 0.133020
vt 0.416030 0.367410
vt 0.415250 0.397640
vt 0.112650 0.467530
vt 0.076340 0.456590
vt 0.152040 0.338080
vt 0.112650 0.332260
vt 0.185740 0.399900
vt 0.176480 0.365970
vt 0.453440 0.316750
vt 0.408050 0.326290
vt 0.409610 0.299420
vt 0.439730 0.291730
vt 0.489010 0.288760
vt 0.467200 0.269740
vt 0.513700 0.251160
vt 0.484840 0.239710
vt 0.518500 0.205440
vt 0.489380 0.205460
vt 0.536840 0.259550
vt 0.541120 0.205450
vt 0.507710 0.305740
vt 0.463660 0.337040
vt 0.410600 0.348890
vt 0.197560 0.139590
vt 0.211310 0.168090
vt 0.231970 0.158160
vt 0.245780 0.124130
vt 0.269300 0.094700
vt 0.249850 0.070800
vt 0.218000 0.066260
vt 0.208080 0.102470
vt 0.265050 0.605370
vt 0.281620 0.599430
vt 0.311870 0.646830
vt 0.296520 0.655010
vt 0.233490 0.447160
vt 0.248330 0.444250
vt 0.249830 0.492050
vt 0.233580 0.497300
vt 0.323030 0.699660
vt 0.336580 0.686740
vt 0.370240 0.717990
vt 0.361670 0.729630
vt 0.132050 0.546290
vt 0.149770 0.590610
vt 0.125380 0.614220
vt 0.099020 0.574400
vt 0.070350 0.543710
vt 0.147590 0.658170
vt 0.176520 0.644480
vt 0.240640 0.617060
vt 0.216060 0.561720
vt 0.244050 0.552540
vt 0.181940 0.573850
vt 0.173220 0.529070
vt 0.208770 0.512350
vt 0.103500 0.641100
vt 0.119640 0.673420
vt 0.089260 0.690550
vt 0.075060 0.666710
vt 0.126830 0.705640
vt 0.099980 0.710360
vt 0.156970 0.701290
vt 0.270210 0.489110
vt 0.279580 0.535050
vt 0.261270 0.546040
vt 0.032120 0.532940
vt 0.049080 0.595060
vt 0.015020 0.594330
vt 0.207530 0.460320
vt 0.188080 0.701200
vt 0.199560 0.752040
vt 0.157780 0.745540
vt 0.144990 0.782220
vt 0.102390 0.770750
vt 0.120500 0.739100
vt 0.249770 0.754460
vt 0.254610 0.780960
vt 0.201300 0.786520
vt 0.269400 0.662900
vt 0.291940 0.718330
vt 0.040780 0.647200
vt 0.064820 0.641090
vt 0.049170 0.685050
vt 0.025870 0.701790
vt 0.064950 0.711070
vt 0.044970 0.730520
vt 0.087230 0.730490
vt 0.068270 0.751670
vt 0.013270 0.654730
vt 0.081200 0.611050
vt 0.311200 0.762650
vt 0.171090 0.497070
vt 0.202010 0.616000
vt 0.190290 0.445100
vt 0.159730 0.476420
vt 0.076340 0.343210
vt 0.069810 0.332760
vt 0.558160 0.142770
vt 0.585080 0.132840
vt 0.593980 0.194020
vt 0.472230 0.054090
vt 0.482530 0.028320
vt 0.542390 0.068960
vt 0.523030 0.089020
vt 0.299740 0.590400
vt 0.329020 0.630890
vt 0.270470 0.442910
vt 0.355640 0.666770
vt 0.381510 0.702850
vt 0.416030 0.043500
vt 0.415250 0.013270
vt 0.176480 0.433830
vt 0.152040 0.461710
vt 0.453420 0.094150
vt 0.439730 0.119190
vt 0.409610 0.111490
vt 0.408050 0.084630
vt 0.489000 0.122140
vt 0.467200 0.141170
vt 0.513690 0.159730
vt 0.484840 0.171200
vt 0.536830 0.151320
vt 0.507690 0.105140
vt 0.463640 0.073870
vt 0.410600 0.062020
vt 0.197560 0.660160
vt 0.211300 0.631660
vt 0.231960 0.641620
vt 0.245770 0.675660
vt 0.269280 0.705080
vt 0.249840 0.728990
vt 0.217990 0.733520
vt 0.208070 0.697300
vt 0.489780 0.788850
vt 0.497100 0.810510
vt 0.477450 0.813320
vt 0.474630 0.794760
vt 0.460860 0.763850
vt 0.482500 0.750830
vt 0.503920 0.785490
vt 0.529270 0.826300
vt 0.553540 0.834650
vt 0.512780 0.861200
vt 0.512660 0.829090
vt 0.517980 0.743950
vt 0.517310 0.777770
vt 0.453310 0.786390
vt 0.510220 0.808230
vt 0.529380 0.802020
vt 0.477690 0.859120
vt 0.498220 0.832400
vt 0.513420 0.887640
vt 0.442350 0.875250
vt 0.530870 0.713980
vt 0.574700 0.770340
vt 0.552710 0.782500
vt 0.451350 0.720640
vt 0.461680 0.838680
vt 0.481580 0.830780
vt 0.574700 0.843230
vt 0.418120 0.750030
vt 0.408050 0.815300
vt 0.431230 0.779690
vt 0.431590 0.813120
vt 0.452840 0.813960
vt 0.442620 0.845690
vt 0.245780 0.847770
vt 0.222680 0.829760
vt 0.290580 0.813070
vt 0.287530 0.837220
vt 0.232710 0.883560
vt 0.206460 0.890970
vt 0.241420 0.922190
vt 0.214590 0.949440
vt 0.275350 0.933440
vt 0.271470 0.964070
vt 0.281480 0.885010
vt 0.261650 0.880200
vt 0.268050 0.864950
vt 0.283880 0.866010
vt 0.279010 0.904570
vt 0.262140 0.897590
vt 0.778980 0.456550
vt 0.806040 0.480280
vt 0.818990 0.509160
vt 0.765500 0.513200
vt 0.820270 0.546380
vt 0.850230 0.500800
vt 0.851690 0.546720
vt 0.712920 0.479210
vt 0.737330 0.458990
vt 0.735110 0.515470
vt 0.700440 0.510000
vt 0.717150 0.320630
vt 0.666740 0.288640
vt 0.700450 0.264870
vt 0.745430 0.292300
vt 0.637320 0.237340
vt 0.670050 0.227820
vt 0.771500 0.348400
vt 0.799180 0.300520
vt 0.620520 0.180840
vt 0.659580 0.180840
vt 0.698190 0.180850
vt 0.698590 0.215220
vt 0.760710 0.259780
vt 0.798890 0.249700
vt 0.731590 0.231560
vt 0.757830 0.180840
vt 0.827860 0.461160
vt 0.793430 0.426040
vt 0.769540 0.546000
vt 0.736240 0.424190
vt 0.700160 0.455910
vt 0.682300 0.499980
vt 0.706580 0.544440
vt 0.676770 0.543750
vt 0.095000 0.911850
vt 0.079850 0.905950
vt 0.082660 0.887390
vt 0.102310 0.890180
vt 0.066070 0.936850
vt 0.109130 0.915210
vt 0.087710 0.949870
vt 0.134470 0.874400
vt 0.117870 0.871600
vt 0.117990 0.839500
vt 0.158760 0.866050
vt 0.122520 0.922920
vt 0.123190 0.956760
vt 0.058520 0.914310
vt 0.115420 0.892470
vt 0.134580 0.898670
vt 0.103440 0.868300
vt 0.082910 0.841590
vt 0.118630 0.813070
vt 0.047570 0.825460
vt 0.136090 0.986730
vt 0.157920 0.918200
vt 0.179920 0.930370
vt 0.056560 0.980070
vt 0.086800 0.869930
vt 0.066900 0.862020
vt 0.179920 0.857480
vt 0.023340 0.950680
vt 0.013270 0.885410
vt 0.036800 0.887580
vt 0.036440 0.921020
vt 0.058050 0.886740
vt 0.047830 0.855020
vt 0.325330 0.857830
vt 0.352180 0.846150
vt 0.329070 0.895760
vt 0.352650 0.909470
vt 0.311020 0.931000
vt 0.330210 0.964070
vt 0.299480 0.868940
vt 0.301880 0.885290
vt 0.297080 0.902010
vt 0.775630 0.635050
vt 0.763990 0.577950
vt 0.817700 0.583530
vt 0.803670 0.612060
vt 0.848740 0.592710
vt 0.710110 0.609960
vt 0.698910 0.578570
vt 0.734380 0.574470
vt 0.733780 0.631260
vt 0.717150 0.041040
vt 0.745440 0.069380
vt 0.700440 0.096800
vt 0.666740 0.073030
vt 0.670040 0.133870
vt 0.637320 0.124330
vt 0.771500 0.013270
vt 0.799180 0.061150
vt 0.698580 0.146470
vt 0.798890 0.111970
vt 0.760720 0.101900
vt 0.731590 0.130120
vt 0.824980 0.631820
vt 0.789170 0.666080
vt 0.731420 0.666080
vt 0.696170 0.632810
vt 0.680110 0.587790
vt 0.707610 0.706100
vt 0.722730 0.722120
vt 0.705410 0.732110
vt 0.689530 0.721590
vt 0.677110 0.861720
vt 0.686070 0.836120
vt 0.704970 0.854690
vt 0.705290 0.872200
vt 0.728280 0.743810
vt 0.704530 0.749410
vt 0.728640 0.894020
vt 0.723680 0.915880
vt 0.706250 0.906210
vt 0.705040 0.888840
vt 0.754390 0.818930
vt 0.756040 0.844080
vt 0.739580 0.838560
vt 0.738560 0.818940
vt 0.709200 0.932330
vt 0.690740 0.917090
vt 0.720560 0.818990
vt 0.723060 0.839390
vt 0.708020 0.839000
vt 0.702710 0.819120
vt 0.724010 0.857320
vt 0.723910 0.780610
vt 0.723010 0.798570
vt 0.707950 0.799130
vt 0.704810 0.783470
vt 0.756040 0.793730
vt 0.739570 0.799290
vt 0.726630 0.875980
vt 0.750210 0.767320
vt 0.738780 0.781030
vt 0.726420 0.761910
vt 0.678210 0.888000
vt 0.704990 0.765980
vt 0.685980 0.802300
vt 0.676770 0.776900
vt 0.677520 0.750740
vt 0.750250 0.870340
vt 0.738820 0.856770
vt 0.759620 0.914790
vt 0.758920 0.942410
vt 0.762880 0.884650
vt 0.759170 0.722370
vt 0.762870 0.752830
vt 0.757050 0.694990
vt 0.766700 0.851850
vt 0.766710 0.785990
vt 0.767010 0.818950
vt 0.879230 0.448430
vt 0.880280 0.424190
vt 0.914180 0.425900
vt 0.911850 0.447560
vt 0.911850 0.594840
vt 0.928310 0.570220
vt 0.948060 0.591670
vt 0.879230 0.593970
vt 0.878560 0.569750
vt 0.908700 0.570380
vt 0.947400 0.566770
vt 0.878280 0.545480
vt 0.878230 0.521200
vt 0.907350 0.521210
vt 0.907730 0.545670
vt 0.927000 0.521200
vt 0.927260 0.544990
vt 0.947290 0.521200
vt 0.947260 0.543400
vt 0.878280 0.496920
vt 0.878560 0.472660
vt 0.908710 0.472030
vt 0.907730 0.496730
vt 0.928310 0.472180
vt 0.927260 0.497400
vt 0.947400 0.475630
vt 0.947260 0.499000
vt 0.948060 0.450730
vt 0.880280 0.618220
vt 0.914180 0.616500
vt 0.949190 0.614360
vt 0.949190 0.428040
vt 0.789320 0.725560
vt 0.769440 0.722360
vt 0.763690 0.692720
vt 0.792920 0.692620
vt 0.790800 0.788010
vt 0.774780 0.784350
vt 0.772530 0.752310
vt 0.790660 0.757100
vt 0.791100 0.851140
vt 0.774740 0.853570
vt 0.774560 0.818990
vt 0.789700 0.819660
vt 0.789270 0.912900
vt 0.769650 0.914330
vt 0.772510 0.885160
vt 0.790850 0.881750
vt 0.793690 0.943450
vt 0.765640 0.944680
vt 0.802550 0.879410
vt 0.800600 0.911470
vt 0.801200 0.847950
vt 0.799330 0.819650
vt 0.800920 0.791350
vt 0.802340 0.759830
vt 0.800610 0.727110
vt 0.803000 0.696450
vt 0.803000 0.939850
vt 0.485390 0.687440
vt 0.485390 0.667800
vt 0.519530 0.670710
vt 0.494860 0.652760
vt 0.509250 0.643780
vt 0.541210 0.644700
vt 0.553910 0.654410
vt 0.559660 0.669400
vt 0.549700 0.686260
vt 0.525460 0.641090
vt 0.591000 0.567460
vt 0.621550 0.579560
vt 0.616000 0.623960
vt 0.589030 0.602680
vt 0.526700 0.557970
vt 0.559110 0.559890
vt 0.558940 0.590430
vt 0.527610 0.586700
vt 0.494820 0.561740
vt 0.496330 0.591140
vt 0.435310 0.579510
vt 0.464240 0.570000
vt 0.465940 0.602920
vt 0.436750 0.619300
vt 0.650230 0.592180
vt 0.636860 0.655140
vt 0.577510 0.629620
vt 0.595430 0.653120
vt 0.527310 0.611560
vt 0.553620 0.616070
vt 0.500600 0.615770
vt 0.452080 0.648510
vt 0.475050 0.628480
vt 0.598560 0.687440
vt 0.432650 0.673150
vt 0.408050 0.585300
vt 0.408060 0.634910
vt 0.439820 0.488650
vt 0.458580 0.489090
vt 0.445880 0.535210
vt 0.422960 0.536960
vt 0.478560 0.488440
vt 0.499750 0.487240
vt 0.496980 0.527140
vt 0.470530 0.531180
vt 0.543950 0.484340
vt 0.565310 0.482260
vt 0.581600 0.526550
vt 0.553610 0.524730
vt 0.585230 0.479140
vt 0.603380 0.474510
vt 0.631610 0.528110
vt 0.607900 0.528550
vt 0.521800 0.485870
vt 0.524990 0.524770
vt 0.549640 0.435060
vt 0.566310 0.430230
vt 0.515970 0.441000
vt 0.532810 0.438650
vt 0.499200 0.442110
vt 0.466110 0.440500
vt 0.482570 0.441950
vt 0.582630 0.424190
vt 0.449630 0.437860
s 1
usemtl Material.001
f 86/1/1 87/2/2 6/3/3
f 86/1/1 6/3/3 4/4/4
f 76/5/5 77/6/6 33/7/7
f 76/5/5 33/7/7 30/8/8
f 80/9/9 81/10/10 39/11/11
f 80/9/9 39/11/11 52/12/12
f 78/13/13 79/14/14 48/15/15
f 78/13/13 48/15/15 54/16/16
f 82/17/17 75/18/18 36/19/19
f 82/17/17 36/19/19 45/20/20
f 81/10/10 83/21/21 46/22/20
f 81/10/10 46/22/20 39/11/11
f 79/14/14 80/9/9 52/12/12
f 79/14/14 52/12/12 48/15/15
f 114/23/22 116/24/23 26/25/24
f 114/23/22 26/25/24 24/26/25
f 112/27/26 113/28/27 23/29/28
f 112/27/26 23/29/28 22/30/29
f 110/31/30 111/32/31 21/33/32
f 110/31/30 21/33/32 20/34/33
f 109/35/34 110/31/30 20/34/33
f 109/35/34 20/34/33 19/36/35
f 115/37/36 108/38/37 28/39/38
f 115/37/36 28/39/38 27/40/39
f 113/28/27 114/23/22 24/26/25
f 113/28/27 24/26/25 23/29/28
f 111/32/31 112/27/26 22/30/29
f 111/32/31 22/30/29 21/33/32
f 108/38/37 109/35/34 19/36/35
f 108/38/37 19/36/35 28/39/38
f 25/41/40 19/36/35 20/34/33
f 25/41/40 20/34/33 21/33/32
f 25/41/40 21/33/32 22/30/29
f 25/41/40 22/30/29 23/29/28
f 25/41/40 23/29/28 24/26/25
f 25/41/40 24/26/25 26/25/24
f 25/41/40 27/40/39 28/39/38
f 25/41/40 28/39/38 19/36/35
f 92/42/41 90/43/42 10/44/43
f 92/42/41 10/44/43 8/45/44
f 91/46/45 89/47/46 16/48/47
f 91/46/45 16/48/47 12/49/48
f 88/50/49 84/51/50 18/52/51
f 88/50/49 18/52/51 15/53/47
f 87/2/2 92/42/41 8/45/44
f 87/2/2 8/45/44 6/3/3
f 90/43/42 91/46/45 12/49/48
f 90/43/42 12/49/48 10/44/43
f 85/54/52 86/1/1 4/4/4
f 85/54/52 4/4/4 2/55/53
f 84/51/50 85/54/52 2/55/53
f 84/51/50 2/55/53 18/52/51
f 93/56/54 51/57/55 38/58/56
f 93/56/54 38/58/56 95/59/57
f 47/60/58 51/57/55 93/56/54
f 96/61/59 35/62/60 29/63/61
f 96/61/59 29/63/61 94/64/62
f 94/64/62 29/63/61 34/65/63
f 95/59/57 38/58/56 44/66/20
f 95/59/57 44/66/20 98/67/64
f 32/68/65 94/64/62 34/65/63
f 77/6/6 78/13/13 54/16/16
f 77/6/6 54/16/16 33/7/7
f 97/69/66 43/70/20 35/62/60
f 97/69/66 35/62/60 96/61/59
f 53/71/67 55/72/68 47/60/58
f 53/71/67 47/60/58 49/73/69
f 75/18/18 76/5/5 30/8/8
f 75/18/18 30/8/8 36/19/19
f 58/74/70 56/75/71 57/76/72
f 58/74/70 57/76/72 59/77/73
f 59/77/73 57/76/72 64/78/74
f 60/79/75 58/74/70 59/77/73
f 60/79/75 59/77/73 61/80/76
f 61/80/76 59/77/73 64/78/74
f 56/75/71 73/81/77 74/82/78
f 56/75/71 74/82/78 57/76/72
f 57/76/72 74/82/78 64/78/74
f 62/83/79 60/79/75 61/80/76
f 62/83/79 61/80/76 63/84/80
f 63/84/80 61/80/76 64/78/74
f 65/85/81 62/83/79 63/84/80
f 65/85/81 63/84/80 66/86/82
f 66/86/82 63/84/80 64/78/74
f 67/87/83 65/85/81 66/86/82
f 67/87/83 66/86/82 68/88/84
f 68/88/84 66/86/82 64/78/74
f 69/89/85 67/87/83 68/88/84
f 69/89/85 68/88/84 72/90/86
f 72/90/86 68/88/84 64/78/74
f 73/81/77 70/91/87 71/92/88
f 73/81/77 71/92/88 74/82/78
f 74/82/78 71/92/88 64/78/74
f 99/93/89 100/94/90 76/5/5
f 99/93/89 76/5/5 75/18/18
f 101/95/91 102/96/92 78/13/13
f 101/95/91 78/13/13 77/6/6
f 103/97/93 104/98/94 80/9/9
f 103/97/93 80/9/9 79/14/14
f 105/99/95 106/100/96 83/21/21
f 105/99/95 83/21/21 81/10/10
f 107/101/97 99/93/89 75/18/18
f 107/101/97 75/18/18 82/17/17
f 102/96/92 103/97/93 79/14/14
f 102/96/92 79/14/14 78/13/13
f 104/98/94 105/99/95 81/10/10
f 104/98/94 81/10/10 80/9/9
f 100/94/90 101/95/91 77/6/6
f 100/94/90 77/6/6 76/5/5
f 37/102/98 31/103/99 85/54/52
f 37/102/98 85/54/52 84/51/50
f 31/103/99 32/68/65 86/1/1
f 31/103/99 86/1/1 85/54/52
f 50/104/100 40/105/101 91/46/45
f 50/104/100 91/46/45 90/43/42
f 53/71/67 49/73/69 92/42/41
f 53/71/67 92/42/41 87/2/2
f 41/106/102 37/102/98 84/51/50
f 41/106/102 84/51/50 88/50/49
f 40/105/101 42/107/103 89/47/46
f 40/105/101 89/47/46 91/46/45
f 49/73/69 50/104/100 90/43/42
f 49/73/69 90/43/42 92/42/41
f 32/68/65 53/71/67 87/2/2
f 32/68/65 87/2/2 86/1/1
f 41/106/102 97/69/66 96/61/59
f 41/106/102 96/61/59 37/102/98
f 40/105/101 95/59/57 98/67/64
f 40/105/101 98/67/64 42/107/103
f 31/103/99 94/64/62 32/68/65
f 37/102/98 96/61/59 94/64/62
f 37/102/98 94/64/62 31/103/99
f 50/104/100 49/73/69 93/56/54
f 50/104/100 93/56/54 95/59/57
f 50/104/100 95/59/57 40/105/101
f 49/73/69 47/60/58 93/56/54
f 32/68/65 34/65/63 55/72/68
f 32/68/65 55/72/68 53/71/67
f 56/75/71 58/74/70 101/95/91
f 56/75/71 101/95/91 100/94/90
f 65/85/81 67/87/83 105/99/95
f 65/85/81 105/99/95 104/98/94
f 60/79/75 62/83/79 103/97/93
f 60/79/75 103/97/93 102/96/92
f 70/91/87 73/81/77 99/93/89
f 70/91/87 99/93/89 107/101/97
f 67/87/83 69/89/85 106/100/96
f 67/87/83 106/100/96 105/99/95
f 62/83/79 65/85/81 104/98/94
f 62/83/79 104/98/94 103/97/93
f 58/74/70 60/79/75 102/96/92
f 58/74/70 102/96/92 101/95/91
f 73/81/77 56/75/71 100/94/90
f 73/81/77 100/94/90 99/93/89
f 17/108/104 1/109/105 109/35/34
f 17/108/104 109/35/34 108/38/37
f 5/110/106 7/111/107 112/27/26
f 5/110/106 112/27/26 111/32/31
f 9/112/108 11/113/109 114/23/22
f 9/112/108 114/23/22 113/28/27
f 13/114/47 17/108/104 108/38/37
f 13/114/47 108/38/37 115/37/36
f 1/109/105 3/115/110 110/31/30
f 1/109/105 110/31/30 109/35/34
f 3/115/110 5/110/106 111/32/31
f 3/115/110 111/32/31 110/31/30
f 7/111/107 9/112/108 113/28/27
f 7/111/107 113/28/27 112/27/26
f 11/113/109 14/116/47 116/24/23
f 11/113/109 116/24/23 114/23/22
f 202/1/111 120/4/112 122/3/113
f 202/1/111 122/3/113 203/2/114
f 192/5/115 146/8/116 149/7/117
f 192/5/115 149/7/117 193/6/118
f 196/9/119 168/12/120 155/11/121
f 196/9/119 155/11/121 197/10/122
f 194/13/123 170/16/124 164/15/125
f 194/13/123 164/15/125 195/14/126
f 198/17/127 161/20/128 152/19/129
f 198/17/127 152/19/129 191/18/130
f 197/10/122 155/11/121 162/22/128
f 197/10/122 162/22/128 199/21/131
f 195/14/126 164/15/125 168/12/120
f 195/14/126 168/12/120 196/9/119
f 230/23/132 140/26/133 142/25/134
f 230/23/132 142/25/134 232/24/135
f 228/27/136 138/30/137 139/29/138
f 228/27/136 139/29/138 229/28/139
f 226/31/140 136/34/141 137/33/142
f 226/31/140 137/33/142 227/32/143
f 225/35/144 135/36/145 136/34/141
f 225/35/144 136/34/141 226/31/140
f 231/37/146 143/40/147 144/39/148
f 231/37/146 144/39/148 224/38/149
f 229/28/139 139/29/138 140/26/133
f 229/28/139 140/26/133 230/23/132
f 227/32/143 137/33/142 138/30/137
f 227/32/143 138/30/137 228/27/136
f 224/38/149 144/39/148 135/36/145
f 224/38/149 135/36/145 225/35/144
f 141/41/74 136/34/141 135/36/145
f 141/41/74 137/33/142 136/34/141
f 141/41/74 138/30/137 137/33/142
f 141/41/74 139/29/138 138/30/137
f 141/41/74 140/26/133 139/29/138
f 141/41/74 142/25/134 140/26/133
f 141/41/74 144/39/148 143/40/147
f 141/41/74 135/36/145 144/39/148
f 208/42/150 124/45/151 126/44/152
f 208/42/150 126/44/152 206/43/153
f 207/46/154 128/49/155 132/48/156
f 207/46/154 132/48/156 205/47/157
f 204/50/158 131/53/156 134/52/159
f 204/50/158 134/52/159 200/51/160
f 203/2/114 122/3/113 124/45/151
f 203/2/114 124/45/151 208/42/150
f 206/43/153 126/44/152 128/49/155
f 206/43/153 128/49/155 207/46/154
f 201/54/161 118/55/162 120/4/112
f 201/54/161 120/4/112 202/1/111
f 200/51/160 134/52/159 118/55/162
f 200/51/160 118/55/162 201/54/161
f 209/56/163 211/59/164 154/58/165
f 209/56/163 154/58/165 167/57/166
f 163/60/167 209/56/163 167/57/166
f 212/61/168 210/64/169 145/63/170
f 212/61/168 145/63/170 151/62/171
f 210/64/169 150/65/172 145/63/170
f 211/59/164 214/67/173 160/66/128
f 211/59/164 160/66/128 154/58/165
f 148/68/174 150/65/172 210/64/169
f 193/6/118 149/7/117 170/16/124
f 193/6/118 170/16/124 194/13/123
f 213/69/175 212/61/168 151/62/171
f 213/69/175 151/62/171 159/70/128
f 169/71/176 165/73/177 163/60/167
f 169/71/176 163/60/167 171/72/178
f 191/18/130 152/19/129 146/8/116
f 191/18/130 146/8/116 192/5/115
f 174/74/179 175/77/180 173/76/181
f 174/74/179 173/76/181 172/75/182
f 175/77/180 180/78/40 173/76/181
f 176/79/183 177/80/184 175/77/180
f 176/79/183 175/77/180 174/74/179
f 177/80/184 180/78/40 175/77/180
f 172/75/182 173/76/181 190/82/185
f 172/75/182 190/82/185 189/81/186
f 173/76/181 180/78/40 190/82/185
f 178/83/187 179/84/188 177/80/184
f 178/83/187 177/80/184 176/79/183
f 179/84/188 180/78/40 177/80/184
f 181/85/189 182/86/190 179/84/188
f 181/85/189 179/84/188 178/83/187
f 182/86/190 180/78/40 179/84/188
f 183/87/191 184/88/192 182/86/190
f 183/87/191 182/86/190 181/85/189
f 184/88/192 180/78/40 182/86/190
f 185/89/193 188/90/194 184/88/192
f 185/89/193 184/88/192 183/87/191
f 188/90/194 180/78/40 184/88/192
f 189/81/186 190/82/185 187/92/195
f 189/81/186 187/92/195 186/91/196
f 190/82/185 180/78/40 187/92/195
f 215/93/197 191/18/130 192/5/115
f 215/93/197 192/5/115 216/94/198
f 217/95/199 193/6/118 194/13/123
f 217/95/199 194/13/123 218/96/200
f 219/97/201 195/14/126 196/9/119
f 219/97/201 196/9/119 220/98/202
f 221/99/203 197/10/122 199/21/131
f 221/99/203 199/21/131 222/100/204
f 223/101/205 198/17/127 191/18/130
f 223/101/205 191/18/130 215/93/197
f 218/96/200 194/13/123 195/14/126
f 218/96/200 195/14/126 219/97/201
f 220/98/202 196/9/119 197/10/122
f 220/98/202 197/10/122 221/99/203
f 216/94/198 192/5/115 193/6/118
f 216/94/198 193/6/118 217/95/199
f 153/102/206 200/51/160 201/54/161
f 153/102/206 201/54/161 147/103/207
f 147/103/207 201/54/161 202/1/111
f 147/103/207 202/1/111 148/68/174
f 166/104/208 206/43/153 207/46/154
f 166/104/208 207/46/154 156/105/209
f 169/71/176 203/2/114 208/42/150
f 169/71/176 208/42/150 165/73/177
f 157/106/210 204/50/158 200/51/160
f 157/106/210 200/51/160 153/102/206
f 156/105/209 207/46/154 205/47/157
f 156/105/209 205/47/157 158/107/211
f 165/73/177 208/42/150 206/43/153
f 165/73/177 206/43/153 166/104/208
f 148/68/174 202/1/111 203/2/114
f 148/68/174 203/2/114 169/71/176
f 157/106/210 153/102/206 212/61/168
f 157/106/210 212/61/168 213/69/175
f 156/105/209 158/107/211 214/67/173
f 156/105/209 214/67/173 211/59/164
f 147/103/207 148/68/174 210/64/169
f 153/102/206 147/103/207 210/64/169
f 153/102/206 210/64/169 212/61/168
f 166/104/208 209/56/163 165/73/177
f 166/104/208 156/105/209 211/59/164
f 166/104/208 211/59/164 209/56/163
f 165/73/177 209/56/163 163/60/167
f 148/68/174 169/71/176 171/72/178
f 148/68/174 171/72/178 150/65/172
f 172/75/182 216/94/198 217/95/199
f 172/75/182 217/95/199 174/74/179
f 181/85/189 220/98/202 221/99/203
f 181/85/189 221/99/203 183/87/191
f 176/79/183 218/96/200 219/97/201
f 176/79/183 219/97/201 178/83/187
f 186/91/196 223/101/205 215/93/197
f 186/91/196 215/93/197 189/81/186
f 183/87/191 221/99/203 222/100/204
f 183/87/191 222/100/204 185/89/193
f 178/83/187 219/97/201 220/98/202
f 178/83/187 220/98/202 181/85/189
f 174/74/179 217/95/199 218/96/200
f 174/74/179 218/96/200 176/79/183
f 189/81/186 215/93/197 216/94/198
f 189/81/186 216/94/198 172/75/182
f 133/108/212 224/38/149 225/35/144
f 133/108/212 225/35/144 117/109/213
f 121/110/214 227/32/143 228/27/136
f 121/110/214 228/27/136 123/111/215
f 125/112/216 229/28/139 230/23/132
f 125/112/216 230/23/132 127/113/217
f 129/114/156 231/37/146 224/38/149
f 129/114/156 224/38/149 133/108/212
f 117/109/213 225/35/144 226/31/140
f 117/109/213 226/31/140 119/115/218
f 119/115/218 226/31/140 227/32/143
f 119/115/218 227/32/143 121/110/214
f 123/111/215 228/27/136 229/28/139
f 123/111/215 229/28/139 125/112/216
f 127/113/217 230/23/132 232/24/135
f 127/113/217 232/24/135 130/116/156
f 236/117/219 237/118/220 280/119/221
f 236/117/219 280/119/221 281/120/222
f 233/121/223 234/122/224 283/123/225
f 233/121/223 283/123/225 284/124/226
f 387/125/227 233/121/223 284/124/226
f 387/125/227 284/124/226 381/126/228
f 238/127/229 385/128/230 382/129/231
f 238/127/229 382/129/231 279/130/232
f 237/118/220 238/127/229 279/130/232
f 237/118/220 279/130/232 280/119/221
f 254/131/233 270/132/234 272/133/235
f 254/131/233 272/133/235 252/134/236
f 274/135/237 270/132/234 254/131/233
f 274/135/237 254/131/233 250/136/238
f 271/137/239 251/138/240 252/134/236
f 271/137/239 252/134/236 272/133/235
f 266/139/241 236/117/219 235/140/242
f 266/139/241 235/140/242 265/141/243
f 261/142/244 265/141/243 269/143/245
f 261/142/244 269/143/245 263/144/246
f 249/145/247 245/146/248 244/147/249
f 249/145/247 244/147/249 248/148/250
f 234/122/224 269/143/245 265/141/243
f 234/122/224 265/141/243 235/140/242
f 247/149/251 248/148/250 244/147/249
f 247/149/251 244/147/249 240/150/252
f 273/151/253 271/137/239 248/148/250
f 273/151/253 248/148/250 247/149/251
f 283/123/225 282/152/254 454/153/255
f 283/123/225 454/153/255 289/154/256
f 409/155/257 400/156/258 257/157/259
f 409/155/257 257/157/259 274/135/237
f 268/158/260 269/143/245 234/122/224
f 268/158/260 234/122/224 233/121/223
f 273/151/253 275/159/261 241/160/262
f 273/151/253 241/160/262 253/161/263
f 275/159/261 258/162/264 402/163/265
f 275/159/261 402/163/265 411/164/266
f 259/165/267 241/160/262 392/166/268
f 259/165/267 392/166/268 404/167/269
f 264/168/270 267/169/271 238/127/229
f 264/168/270 238/127/229 237/118/220
f 242/170/272 255/171/273 245/146/248
f 242/170/272 245/146/248 239/172/274
f 396/173/275 398/174/276 256/175/277
f 396/173/275 256/175/277 255/171/273
f 398/174/276 390/176/278 243/177/279
f 398/174/276 243/177/279 256/175/277
f 256/175/277 243/177/279 240/150/252
f 256/175/277 240/150/252 244/147/249
f 255/171/273 256/175/277 244/147/249
f 255/171/273 244/147/249 245/146/248
f 252/134/236 261/142/244 263/144/246
f 252/134/236 263/144/246 254/131/233
f 400/156/258 388/178/280 242/170/272
f 400/156/258 242/170/272 257/157/259
f 246/179/281 257/157/259 242/170/272
f 246/179/281 242/170/272 239/172/274
f 258/162/264 243/177/279 390/176/278
f 258/162/264 390/176/278 402/163/265
f 388/178/280 396/173/275 255/171/273
f 388/178/280 255/171/273 242/170/272
f 240/150/252 243/177/279 258/162/264
f 240/150/252 258/162/264 247/149/251
f 267/169/271 259/165/267 404/167/269
f 267/169/271 404/167/269 406/180/282
f 250/136/238 254/131/233 263/144/246
f 250/136/238 263/144/246 260/181/283
f 249/145/247 272/133/235 270/132/234
f 249/145/247 270/132/234 246/179/281
f 251/138/240 262/182/284 261/142/244
f 251/138/240 261/142/244 252/134/236
f 387/125/227 408/183/285 268/158/260
f 387/125/227 268/158/260 233/121/223
f 238/127/229 267/169/271 406/180/282
f 238/127/229 406/180/282 385/128/230
f 237/118/220 236/117/219 266/139/241
f 237/118/220 266/139/241 264/168/270
f 260/181/283 263/144/246 269/143/245
f 260/181/283 269/143/245 268/158/260
f 262/182/284 266/139/241 265/141/243
f 262/182/284 265/141/243 261/142/244
f 241/160/262 275/159/261 411/164/266
f 241/160/262 411/164/266 392/166/268
f 247/149/251 258/162/264 275/159/261
f 247/149/251 275/159/261 273/151/253
f 394/184/286 409/155/257 274/135/237
f 394/184/286 274/135/237 250/136/238
f 253/161/263 251/138/240 271/137/239
f 253/161/263 271/137/239 273/151/253
f 248/148/250 271/137/239 272/133/235
f 248/148/250 272/133/235 249/145/247
f 257/157/259 246/179/281 270/132/234
f 257/157/259 270/132/234 274/135/237
f 413/185/287 384/186/288 268/158/260
f 413/185/287 268/158/260 408/183/285
f 353/187/289 352/188/290 250/136/238
f 353/187/289 250/136/238 260/181/283
f 276/189/291 324/190/292 395/191/293
f 276/189/291 395/191/293 351/192/294
f 384/186/288 353/187/289 260/181/283
f 384/186/288 260/181/283 268/158/260
f 235/140/242 236/117/219 281/120/222
f 235/140/242 281/120/222 282/152/254
f 246/179/281 239/172/274 245/146/248
f 246/179/281 245/146/248 249/145/247
f 287/193/295 416/194/296 417/195/297
f 287/193/295 417/195/297 292/196/298
f 285/197/299 286/198/300 293/199/301
f 285/197/299 293/199/301 294/200/302
f 282/152/254 281/120/222 290/201/303
f 282/152/254 290/201/303 454/153/255
f 281/120/222 280/119/221 291/202/304
f 281/120/222 291/202/304 290/201/303
f 381/126/228 284/124/226 288/203/305
f 381/126/228 288/203/305 455/204/306
f 279/130/232 382/129/231 449/205/307
f 279/130/232 449/205/307 450/206/308
f 284/124/226 283/123/225 289/154/256
f 284/124/226 289/154/256 288/203/305
f 280/119/221 279/130/232 450/206/308
f 280/119/221 450/206/308 291/202/304
f 414/207/309 285/197/299 294/200/302
f 414/207/309 294/200/302 419/208/310
f 286/198/300 287/193/295 292/196/298
f 286/198/300 292/196/298 293/199/301
f 373/209/311 276/189/291 351/192/294
f 373/209/311 351/192/294 421/210/312
f 297/211/313 299/212/314 352/188/290
f 297/211/313 352/188/290 353/187/289
f 424/213/315 295/214/316 384/186/288
f 424/213/315 384/186/288 413/185/287
f 306/215/317 430/216/318 422/217/319
f 306/215/317 422/217/319 300/218/320
f 305/219/321 306/215/317 300/218/320
f 305/219/321 300/218/320 298/220/322
f 304/221/323 305/219/321 298/220/322
f 304/221/323 298/220/322 296/222/324
f 429/223/325 304/221/323 296/222/324
f 429/223/325 296/222/324 425/224/326
f 416/194/296 287/193/295 301/225/327
f 416/194/296 301/225/327 428/226/328
f 287/193/295 286/198/300 302/227/329
f 287/193/295 302/227/329 301/225/327
f 286/198/300 285/197/299 303/228/330
f 286/198/300 303/228/330 302/227/329
f 285/197/299 414/207/309 427/229/331
f 285/197/299 427/229/331 303/228/330
f 428/226/328 301/225/327 304/221/323
f 428/226/328 304/221/323 429/223/325
f 301/225/327 302/227/329 305/219/321
f 301/225/327 305/219/321 304/221/323
f 302/227/329 303/228/330 306/215/317
f 302/227/329 306/215/317 305/219/321
f 303/228/330 427/229/331 430/216/318
f 303/228/330 430/216/318 306/215/317
f 439/230/332 437/231/333 262/182/284
f 439/230/332 262/182/284 251/138/240
f 437/231/333 438/232/334 266/139/241
f 437/231/333 266/139/241 262/182/284
f 438/232/334 436/233/335 264/168/270
f 438/232/334 264/168/270 266/139/241
f 436/233/335 435/234/336 267/169/271
f 436/233/335 267/169/271 264/168/270
f 435/234/336 434/235/337 259/165/267
f 435/234/336 259/165/267 267/169/271
f 434/235/337 432/236/338 241/160/262
f 434/235/337 241/160/262 259/165/267
f 432/236/338 433/237/339 253/161/263
f 432/236/338 253/161/263 241/160/262
f 433/237/339 439/230/332 251/138/240
f 433/237/339 251/138/240 253/161/263
f 234/122/224 235/140/242 282/152/254
f 234/122/224 282/152/254 283/123/225
f 310/238/340 356/239/341 355/240/342
f 310/238/340 355/240/342 311/241/343
f 307/242/344 359/243/345 358/244/346
f 307/242/344 358/244/346 308/245/347
f 387/125/227 381/126/228 359/243/345
f 387/125/227 359/243/345 307/242/344
f 312/246/348 354/247/349 383/248/231
f 312/246/348 383/248/231 386/249/350
f 311/241/343 355/240/342 354/247/349
f 311/241/343 354/247/349 312/246/348
f 328/250/351 326/251/352 346/252/353
f 328/250/351 346/252/353 344/253/354
f 348/254/355 324/190/292 328/250/351
f 348/254/355 328/250/351 344/253/354
f 345/255/356 346/252/353 326/251/352
f 345/255/356 326/251/352 325/256/357
f 340/257/358 339/258/359 309/259/360
f 340/257/358 309/259/360 310/238/340
f 335/260/361 337/261/362 343/262/363
f 335/260/361 343/262/363 339/258/359
f 323/263/364 322/264/365 318/265/366
f 323/263/364 318/265/366 319/266/367
f 308/245/347 309/259/360 339/258/359
f 308/245/347 339/258/359 343/262/363
f 321/267/368 314/268/369 318/265/366
f 321/267/368 318/265/366 322/264/365
f 347/269/370 321/267/368 322/264/365
f 347/269/370 322/264/365 345/255/356
f 358/244/346 364/270/371 452/271/372
f 358/244/346 452/271/372 357/272/373
f 410/273/374 348/254/355 331/274/375
f 410/273/374 331/274/375 401/275/376
f 342/276/377 307/242/344 308/245/347
f 342/276/377 308/245/347 343/262/363
f 347/269/370 327/277/378 315/278/379
f 347/269/370 315/278/379 349/279/380
f 349/279/380 412/280/381 403/281/382
f 349/279/380 403/281/382 332/282/383
f 333/283/384 405/284/385 393/285/386
f 333/283/384 393/285/386 315/278/379
f 338/286/387 311/241/343 312/246/348
f 338/286/387 312/246/348 341/287/388
f 316/288/389 313/289/390 319/266/367
f 316/288/389 319/266/367 329/290/391
f 397/291/275 329/290/391 330/292/392
f 397/291/275 330/292/392 399/293/393
f 399/293/393 330/292/392 317/294/394
f 399/293/393 317/294/394 391/295/278
f 330/292/392 318/265/366 314/268/369
f 330/292/392 314/268/369 317/294/394
f 329/290/391 319/266/367 318/265/366
f 329/290/391 318/265/366 330/292/392
f 326/251/352 328/250/351 337/261/362
f 326/251/352 337/261/362 335/260/361
f 401/275/376 331/274/375 316/288/389
f 401/275/376 316/288/389 389/296/280
f 320/297/395 313/289/390 316/288/389
f 320/297/395 316/288/389 331/274/375
f 332/282/383 403/281/382 391/295/278
f 332/282/383 391/295/278 317/294/394
f 389/296/280 316/288/389 329/290/391
f 389/296/280 329/290/391 397/291/275
f 314/268/369 321/267/368 332/282/383
f 314/268/369 332/282/383 317/294/394
f 341/287/388 407/298/396 405/284/385
f 341/287/388 405/284/385 333/283/384
f 324/190/292 334/299/397 337/261/362
f 324/190/292 337/261/362 328/250/351
f 323/263/364 320/297/395 344/253/354
f 323/263/364 344/253/354 346/252/353
f 325/256/357 326/251/352 335/260/361
f 325/256/357 335/260/361 336/300/398
f 387/125/227 307/242/344 342/276/377
f 387/125/227 342/276/377 408/183/285
f 312/246/348 386/249/350 407/298/396
f 312/246/348 407/298/396 341/287/388
f 311/241/343 338/286/387 340/257/358
f 311/241/343 340/257/358 310/238/340
f 334/299/397 342/276/377 343/262/363
f 334/299/397 343/262/363 337/261/362
f 336/300/398 335/260/361 339/258/359
f 336/300/398 339/258/359 340/257/358
f 315/278/379 393/285/386 412/280/381
f 315/278/379 412/280/381 349/279/380
f 321/267/368 347/269/370 349/279/380
f 321/267/368 349/279/380 332/282/383
f 395/191/293 324/190/292 348/254/355
f 395/191/293 348/254/355 410/273/374
f 327/277/378 347/269/370 345/255/356
f 327/277/378 345/255/356 325/256/357
f 322/264/365 323/263/364 346/252/353
f 322/264/365 346/252/353 345/255/356
f 331/274/375 348/254/355 344/253/354
f 331/274/375 344/253/354 320/297/395
f 413/185/287 408/183/285 342/276/377
f 413/185/287 342/276/377 278/301/399
f 277/302/400 334/299/397 324/190/292
f 277/302/400 324/190/292 276/189/291
f 299/212/314 420/303/401 350/304/402
f 299/212/314 350/304/402 352/188/290
f 278/301/399 342/276/377 334/299/397
f 278/301/399 334/299/397 277/302/400
f 309/259/360 357/272/373 356/239/341
f 309/259/360 356/239/341 310/238/340
f 320/297/395 323/263/364 319/266/367
f 320/297/395 319/266/367 313/289/390
f 362/305/403 366/306/404 456/307/405
f 362/305/403 456/307/405 416/194/296
f 360/308/406 368/309/407 367/310/408
f 360/308/406 367/310/408 361/311/409
f 357/272/373 452/271/372 451/312/410
f 357/272/373 451/312/410 356/239/341
f 356/239/341 451/312/410 453/313/411
f 356/239/341 453/313/411 355/240/342
f 381/126/228 455/204/306 363/314/412
f 381/126/228 363/314/412 359/243/345
f 354/247/349 365/315/413 448/316/414
f 354/247/349 448/316/414 383/248/231
f 359/243/345 363/314/412 364/270/371
f 359/243/345 364/270/371 358/244/346
f 355/240/342 453/313/411 365/315/413
f 355/240/342 365/315/413 354/247/349
f 415/317/415 418/318/416 368/309/407
f 415/317/415 368/309/407 360/308/406
f 361/311/409 367/310/408 366/306/404
f 361/311/409 366/306/404 362/305/403
f 369/319/417 278/301/399 277/302/400
f 369/319/417 277/302/400 371/320/418
f 371/320/418 277/302/400 276/189/291
f 371/320/418 276/189/291 373/209/311
f 424/213/315 413/185/287 278/301/399
f 424/213/315 278/301/399 369/319/417
f 295/214/316 297/211/313 353/187/289
f 295/214/316 353/187/289 384/186/288
f 380/321/419 374/322/420 423/323/421
f 380/321/419 423/323/421 431/324/422
f 379/325/423 372/326/424 374/322/420
f 379/325/423 374/322/420 380/321/419
f 378/327/425 370/328/426 372/326/424
f 378/327/425 372/326/424 379/325/423
f 429/223/325 425/224/326 370/328/426
f 429/223/325 370/328/426 378/327/425
f 416/194/296 428/226/328 375/329/427
f 416/194/296 375/329/427 362/305/403
f 362/305/403 375/329/427 376/330/428
f 362/305/403 376/330/428 361/311/409
f 361/311/409 376/330/428 377/331/429
f 361/311/409 377/331/429 360/308/406
f 360/308/406 377/331/429 426/332/430
f 360/308/406 426/332/430 415/317/415
f 428/226/328 429/223/325 378/327/425
f 428/226/328 378/327/425 375/329/427
f 375/329/427 378/327/425 379/325/423
f 375/329/427 379/325/423 376/330/428
f 376/330/428 379/325/423 380/321/419
f 376/330/428 380/321/419 377/331/429
f 377/331/429 380/321/419 431/324/422
f 377/331/429 431/324/422 426/332/430
f 447/333/431 325/256/357 336/300/398
f 447/333/431 336/300/398 445/334/432
f 445/334/432 336/300/398 340/257/358
f 445/334/432 340/257/358 446/335/433
f 446/335/433 340/257/358 338/286/387
f 446/335/433 338/286/387 444/336/434
f 444/336/434 338/286/387 341/287/388
f 444/336/434 341/287/388 443/337/435
f 443/337/435 341/287/388 333/283/384
f 443/337/435 333/283/384 442/338/436
f 442/338/436 333/283/384 315/278/379
f 442/338/436 315/278/379 440/339/437
f 440/339/437 315/278/379 327/277/378
f 440/339/437 327/277/378 441/340/438
f 441/340/438 327/277/378 325/256/357
f 441/340/438 325/256/357 447/333/431
f 308/245/347 358/244/346 357/272/373
f 308/245/347 357/272/373 309/259/360
f 352/188/290 350/304/402 394/184/286
f 352/188/290 394/184/286 250/136/238
f 471/341/439 466/342/440 485/343/441
f 471/341/439 485/343/441 486/344/442
f 473/345/443 474/346/444 467/347/445
f 473/345/443 467/347/445 471/341/439
f 465/348/446 476/349/447 477/350/448
f 465/348/446 477/350/448 468/351/449
f 474/346/444 479/352/450 472/353/451
f 474/346/444 472/353/451 467/347/445
f 473/345/443 471/341/439 486/344/442
f 473/345/443 486/344/442 488/354/452
f 480/355/453 467/347/445 472/353/451
f 480/355/453 472/353/451 470/356/454
f 468/351/449 480/355/453 470/356/454
f 468/351/449 470/356/454 465/348/446
f 477/350/448 478/357/455 469/358/456
f 477/350/448 469/358/456 468/351/449
f 461/359/457 462/360/458 478/357/455
f 461/359/457 478/357/455 477/350/448
f 464/361/459 457/362/460 475/363/461
f 464/361/459 475/363/461 479/352/450
f 460/364/462 464/361/459 479/352/450
f 460/364/462 479/352/450 474/346/444
f 469/358/456 478/357/455 489/365/463
f 469/358/456 489/365/463 484/366/464
f 458/367/465 461/359/457 477/350/448
f 458/367/465 477/350/448 476/349/447
f 457/362/460 458/367/465 476/349/447
f 457/362/460 476/349/447 475/363/461
f 463/368/466 460/364/462 474/346/444
f 463/368/466 474/346/444 473/345/443
f 459/369/467 463/368/466 483/370/468
f 459/369/467 483/370/468 482/371/469
f 466/342/440 471/341/439 467/347/445
f 466/342/440 467/347/445 480/355/453
f 469/358/456 466/342/440 480/355/453
f 469/358/456 480/355/453 468/351/449
f 470/356/454 472/353/451 479/352/450
f 470/356/454 479/352/450 475/363/461
f 465/348/446 470/356/454 475/363/461
f 465/348/446 475/363/461 476/349/447
f 487/372/470 488/354/452 486/344/442
f 487/372/470 486/344/442 485/343/441
f 489/365/463 487/372/470 485/343/441
f 489/365/463 485/343/441 484/366/464
f 481/373/471 482/371/469 487/372/470
f 481/373/471 487/372/470 489/365/463
f 482/371/469 483/370/468 488/354/452
f 482/371/469 488/354/452 487/372/470
f 478/357/455 462/360/458 481/373/471
f 478/357/455 481/373/471 489/365/463
f 466/342/440 469/358/456 484/366/464
f 466/342/440 484/366/464 485/343/441
f 462/360/458 459/369/467 482/371/469
f 462/360/458 482/371/469 481/373/471
f 463/368/466 473/345/443 488/354/452
f 463/368/466 488/354/452 483/370/468
f 495/374/472 501/375/473 575/376/474
f 495/374/472 575/376/474 580/377/475
f 496/378/476 503/379/477 501/375/473
f 496/378/476 501/375/473 495/374/472
f 497/380/478 499/381/479 503/379/477
f 497/380/478 503/379/477 496/378/476
f 581/382/480 573/383/481 499/381/479
f 581/382/480 499/381/479 497/380/478
f 579/384/482 493/385/483 494/386/484
f 579/384/482 494/386/484 577/387/485
f 578/388/486 492/389/487 493/385/483
f 578/388/486 493/385/483 579/384/482
f 492/389/487 578/388/486 581/382/480
f 492/389/487 581/382/480 497/380/478
f 493/385/483 492/389/487 497/380/478
f 493/385/483 497/380/478 496/378/476
f 494/386/484 493/385/483 496/378/476
f 494/386/484 496/378/476 495/374/472
f 577/387/485 494/386/484 495/374/472
f 577/387/485 495/374/472 580/377/475
f 491/390/488 514/391/489 515/392/490
f 491/390/488 515/392/490 502/393/491
f 594/394/492 515/392/490 596/395/493
f 594/394/492 596/395/493 597/396/494
f 490/397/495 498/398/496 504/399/497
f 490/397/495 504/399/497 500/400/498
f 498/398/496 491/390/488 502/393/491
f 498/398/496 502/393/491 504/399/497
f 511/401/499 512/402/500 505/403/501
f 511/401/499 505/403/501 507/404/502
f 512/402/500 513/405/503 506/406/504
f 512/402/500 506/406/504 505/403/501
f 588/407/505 511/401/499 507/404/502
f 588/407/505 507/404/502 582/408/506
f 513/405/503 590/409/507 584/410/508
f 513/405/503 584/410/508 506/406/504
f 506/406/504 584/410/508 587/411/509
f 506/406/504 587/411/509 510/412/510
f 582/408/506 507/404/502 508/413/511
f 582/408/506 508/413/511 585/414/512
f 505/403/501 506/406/504 510/412/510
f 505/403/501 510/412/510 509/415/513
f 507/404/502 505/403/501 509/415/513
f 507/404/502 509/415/513 508/413/511
f 591/416/514 585/414/512 508/413/511
f 591/416/514 508/413/511 509/415/513
f 587/411/509 591/416/514 509/415/513
f 587/411/509 509/415/513 510/412/510
f 515/392/490 514/391/489 602/417/515
f 515/392/490 602/417/515 596/395/493
f 514/391/489 491/390/488 603/418/516
f 514/391/489 603/418/516 602/417/515
f 502/393/491 515/392/490 594/394/492
f 502/393/491 594/394/492 576/419/325
f 491/390/488 498/398/496 595/420/517
f 491/390/488 595/420/517 603/418/516
f 498/398/496 490/397/495 604/421/518
f 498/398/496 604/421/518 595/420/517
f 490/397/495 500/400/498 605/422/519
f 490/397/495 605/422/519 604/421/518
f 500/400/498 574/423/520 598/424/521
f 500/400/498 598/424/521 605/422/519
f 530/425/522 545/426/523 544/427/524
f 530/425/522 544/427/524 525/428/525
f 532/429/526 530/425/522 526/430/527
f 532/429/526 526/430/527 533/431/528
f 524/432/529 527/433/530 536/434/531
f 524/432/529 536/434/531 535/435/532
f 533/431/528 526/430/527 531/436/533
f 533/431/528 531/436/533 538/437/534
f 532/429/526 547/438/535 545/426/523
f 532/429/526 545/426/523 530/425/522
f 539/439/536 529/440/537 531/436/533
f 539/439/536 531/436/533 526/430/527
f 527/433/530 524/432/529 529/440/537
f 527/433/530 529/440/537 539/439/536
f 536/434/531 527/433/530 528/441/538
f 536/434/531 528/441/538 537/442/539
f 520/443/540 536/434/531 537/442/539
f 520/443/540 537/442/539 521/444/541
f 523/445/542 538/437/534 534/446/543
f 523/445/542 534/446/543 516/447/544
f 519/448/545 533/431/528 538/437/534
f 519/448/545 538/437/534 523/445/542
f 528/441/538 543/449/546 548/450/547
f 528/441/538 548/450/547 537/442/539
f 517/451/548 535/435/532 536/434/531
f 517/451/548 536/434/531 520/443/540
f 516/447/544 534/446/543 535/435/532
f 516/447/544 535/435/532 517/451/548
f 522/452/549 532/429/526 533/431/528
f 522/452/549 533/431/528 519/448/545
f 518/453/550 541/454/551 542/455/552
f 518/453/550 542/455/552 522/452/549
f 525/428/525 539/439/536 526/430/527
f 525/428/525 526/430/527 530/425/522
f 528/441/538 527/433/530 539/439/536
f 528/441/538 539/439/536 525/428/525
f 529/440/537 534/446/543 538/437/534
f 529/440/537 538/437/534 531/436/533
f 524/432/529 535/435/532 534/446/543
f 524/432/529 534/446/543 529/440/537
f 546/456/553 544/427/524 545/426/523
f 546/456/553 545/426/523 547/438/535
f 548/450/547 543/449/546 544/427/524
f 548/450/547 544/427/524 546/456/553
f 540/457/554 548/450/547 546/456/553
f 540/457/554 546/456/553 541/454/551
f 541/454/551 546/456/553 547/438/535
f 541/454/551 547/438/535 542/455/552
f 537/442/539 548/450/547 540/457/554
f 537/442/539 540/457/554 521/444/541
f 525/428/525 544/427/524 543/449/546
f 525/428/525 543/449/546 528/441/538
f 521/444/541 540/457/554 541/454/551
f 521/444/541 541/454/551 518/453/550
f 522/452/549 542/455/552 547/438/535
f 522/452/549 547/438/535 532/429/526
f 554/458/555 580/377/475 575/376/474
f 554/458/555 575/376/474 560/459/556
f 555/460/557 554/458/555 560/459/556
f 555/460/557 560/459/556 562/461/558
f 556/462/559 555/460/557 562/461/558
f 556/462/559 562/461/558 558/463/560
f 581/382/480 556/462/559 558/463/560
f 581/382/480 558/463/560 573/383/481
f 579/384/482 577/387/485 553/464/561
f 579/384/482 553/464/561 552/465/562
f 578/388/486 579/384/482 552/465/562
f 578/388/486 552/465/562 551/466/563
f 551/466/563 556/462/559 581/382/480
f 551/466/563 581/382/480 578/388/486
f 552/465/562 555/460/557 556/462/559
f 552/465/562 556/462/559 551/466/563
f 553/464/561 554/458/555 555/460/557
f 553/464/561 555/460/557 552/465/562
f 577/387/485 580/377/475 554/458/555
f 577/387/485 554/458/555 553/464/561
f 550/467/564 561/468/565 593/469/566
f 550/467/564 593/469/566 592/470/567
f 594/394/492 597/396/494 608/471/568
f 594/394/492 608/471/568 593/469/566
f 549/472/569 559/473/570 563/474/571
f 549/472/569 563/474/571 557/475/572
f 557/475/572 563/474/571 561/468/565
f 557/475/572 561/468/565 550/467/564
f 570/476/573 566/477/574 564/478/575
f 570/476/573 564/478/575 571/479/576
f 571/479/576 564/478/575 565/480/577
f 571/479/576 565/480/577 572/481/578
f 589/482/579 583/483/580 566/477/574
f 589/482/579 566/477/574 570/476/573
f 572/481/578 565/480/577 584/410/508
f 572/481/578 584/410/508 590/409/507
f 565/480/577 569/484/581 587/411/509
f 565/480/577 587/411/509 584/410/508
f 583/483/580 586/485/582 567/486/583
f 583/483/580 567/486/583 566/477/574
f 564/478/575 568/487/584 569/484/581
f 564/478/575 569/484/581 565/480/577
f 566/477/574 567/486/583 568/487/584
f 566/477/574 568/487/584 564/478/575
f 591/416/514 568/487/584 567/486/583
f 591/416/514 567/486/583 586/485/582
f 587/411/509 569/484/581 568/487/584
f 587/411/509 568/487/584 591/416/514
f 593/469/566 608/471/568 601/488/585
f 593/469/566 601/488/585 592/470/567
f 592/470/567 601/488/585 599/489/586
f 592/470/567 599/489/586 550/467/564
f 561/468/565 576/419/325 594/394/492
f 561/468/565 594/394/492 593/469/566
f 550/467/564 599/489/586 600/490/587
f 550/467/564 600/490/587 557/475/572
f 557/475/572 600/490/587 606/491/588
f 557/475/572 606/491/588 549/472/569
f 549/472/569 606/491/588 607/492/589
f 549/472/569 607/492/589 559/473/570
f 559/473/570 607/492/589 598/424/521
f 559/473/570 598/424/521 574/423/520
f 650/493/590 647/494/591 630/495/592
f 650/493/590 630/495/592 631/496/593
f 666/497/594 646/498/595 635/499/596
f 666/497/594 635/499/596 664/500/597
f 647/494/591 649/501/598 627/502/599
f 647/494/591 627/502/599 630/495/592
f 648/503/600 652/504/601 629/505/602
f 648/503/600 629/505/602 628/506/603
f 658/507/604 660/508/605 634/509/606
f 658/507/604 634/509/606 639/510/607
f 652/504/601 651/511/608 632/512/609
f 652/504/601 632/512/609 629/505/602
f 656/513/610 653/514/611 633/515/612
f 656/513/610 633/515/612 640/516/613
f 653/514/611 654/517/614 635/499/596
f 653/514/611 635/499/596 633/515/612
f 655/518/615 657/519/616 641/520/617
f 655/518/615 641/520/617 637/521/618
f 657/519/616 656/513/610 640/516/613
f 657/519/616 640/516/613 641/520/617
f 659/522/619 658/507/604 639/510/607
f 659/522/619 639/510/607 642/523/620
f 668/524/621 664/500/597 635/499/596
f 668/524/621 635/499/596 654/517/614
f 662/525/622 659/522/619 642/523/620
f 662/525/622 642/523/620 638/526/623
f 667/527/624 662/525/622 638/526/623
f 667/527/624 638/526/623 655/518/615
f 632/512/609 644/528/625 628/506/603
f 632/512/609 628/506/603 629/505/602
f 663/529/626 637/521/618 645/530/627
f 663/529/626 645/530/627 665/531/628
f 646/498/595 640/516/613 633/515/612
f 646/498/595 633/515/612 635/499/596
f 630/495/592 627/502/599 643/532/629
f 630/495/592 643/532/629 631/496/593
f 637/521/618 641/520/617 640/516/613
f 637/521/618 640/516/613 645/530/627
f 660/508/605 661/533/630 636/534/631
f 660/508/605 636/534/631 634/509/606
f 663/529/626 667/527/624 655/518/615
f 663/529/626 655/518/615 637/521/618
f 661/533/630 668/524/621 654/517/614
f 661/533/630 654/517/614 636/534/631
f 642/523/620 639/510/607 656/513/610
f 642/523/620 656/513/610 657/519/616
f 638/526/623 642/523/620 657/519/616
f 638/526/623 657/519/616 655/518/615
f 634/509/606 636/534/631 654/517/614
f 634/509/606 654/517/614 653/514/611
f 639/510/607 634/509/606 653/514/611
f 639/510/607 653/514/611 656/513/610
f 621/535/632 619/536/633 651/511/608
f 621/535/632 651/511/608 652/504/601
f 622/537/634 621/535/632 652/504/601
f 622/537/634 652/504/601 648/503/600
f 620/538/635 626/539/636 649/501/598
f 620/538/635 649/501/598 647/494/591
f 618/540/637 620/538/635 647/494/591
f 618/540/637 647/494/591 650/493/590
f 622/537/634 648/503/600 668/524/621
f 622/537/634 668/524/621 661/533/630
f 627/502/599 649/501/598 667/527/624
f 627/502/599 667/527/624 663/529/626
f 623/541/638 622/537/634 661/533/630
f 623/541/638 661/533/630 660/508/605
f 627/502/599 663/529/626 665/531/628
f 627/502/599 665/531/628 643/532/629
f 649/501/598 626/539/636 662/525/622
f 649/501/598 662/525/622 667/527/624
f 626/539/636 625/542/639 659/522/619
f 626/539/636 659/522/619 662/525/622
f 648/503/600 628/506/603 664/500/597
f 648/503/600 664/500/597 668/524/621
f 625/542/639 624/543/640 658/507/604
f 625/542/639 658/507/604 659/522/619
f 624/543/640 623/541/638 660/508/605
f 624/543/640 660/508/605 658/507/604
f 644/528/625 666/497/594 664/500/597
f 644/528/625 664/500/597 628/506/603
f 611/544/641 609/545/642 674/546/643
f 611/544/641 674/546/643 677/547/644
f 698/548/645 696/549/646 700/550/647
f 617/551/648 616/552/649 697/553/650
f 617/551/648 697/553/650 698/548/645
f 698/548/645 697/553/650 696/549/646
f 696/549/646 695/554/651 700/550/647
f 615/555/652 614/556/653 689/557/654
f 615/555/652 689/557/654 693/558/655
f 693/558/655 689/557/654 688/559/656
f 693/558/655 688/559/656 692/560/657
f 692/560/657 688/559/656 687/561/658
f 692/560/657 687/561/658 691/562/659
f 613/563/660 612/564/661 681/565/662
f 613/563/660 681/565/662 685/566/663
f 685/566/663 681/565/662 680/567/664
f 685/566/663 680/567/664 684/568/665
f 684/568/665 680/567/664 679/569/666
f 684/568/665 679/569/666 683/570/667
f 616/552/649 615/555/652 693/558/655
f 616/552/649 693/558/655 697/553/650
f 697/553/650 693/558/655 692/560/657
f 697/553/650 692/560/657 696/549/646
f 696/549/646 692/560/657 691/562/659
f 696/549/646 691/562/659 695/554/651
f 614/556/653 613/563/660 685/566/663
f 614/556/653 685/566/663 689/557/654
f 689/557/654 685/566/663 684/568/665
f 689/557/654 684/568/665 688/559/656
f 688/559/656 684/568/665 683/570/667
f 688/559/656 683/570/667 687/561/658
f 612/564/661 611/544/641 677/547/644
f 612/564/661 677/547/644 681/565/662
f 681/565/662 677/547/644 680/567/664
f 679/569/666 680/567/664 676/571/668
f 610/572/669 617/551/648 698/548/645
f 610/572/669 698/548/645 673/573/670
f 673/573/670 698/548/645 700/550/647
f 673/573/670 700/550/647 671/574/671
f 677/547/644 676/571/668 680/567/664
f 677/547/644 674/546/643 672/575/671
f 677/547/644 672/575/671 676/571/668
f 709/576/672 718/577/673 710/578/674
f 709/576/672 710/578/674 701/579/675
f 707/580/676 716/581/677 717/582/678
f 707/580/676 717/582/678 708/583/679
f 705/584/680 714/585/681 715/586/682
f 705/584/680 715/586/682 706/587/683
f 703/588/684 712/589/685 713/590/686
f 703/588/684 713/590/686 704/591/687
f 708/583/679 717/582/678 718/577/673
f 708/583/679 718/577/673 709/576/672
f 706/587/683 715/586/682 716/581/677
f 706/587/683 716/581/677 707/580/676
f 704/591/687 713/590/686 714/585/681
f 704/591/687 714/585/681 705/584/680
f 702/592/688 711/593/689 712/589/685
f 702/592/688 712/589/685 703/588/684
f 718/577/673 717/582/678 626/539/636
f 718/577/673 626/539/636 620/538/635
f 717/582/678 716/581/677 625/542/639
f 717/582/678 625/542/639 626/539/636
f 716/581/677 715/586/682 624/543/640
f 716/581/677 624/543/640 625/542/639
f 715/586/682 714/585/681 623/541/638
f 715/586/682 623/541/638 624/543/640
f 714/585/681 713/590/686 622/537/634
f 714/585/681 622/537/634 623/541/638
f 713/590/686 712/589/685 621/535/632
f 713/590/686 621/535/632 622/537/634
f 712/589/685 711/593/689 619/536/633
f 712/589/685 619/536/633 621/535/632
f 710/578/674 718/577/673 620/538/635
f 710/578/674 620/538/635 618/540/637
f 703/588/684 704/591/687 678/594/690
f 703/588/684 678/594/690 675/595/691
f 704/591/687 705/584/680 682/596/692
f 704/591/687 682/596/692 678/594/690
f 705/584/680 706/587/683 686/597/693
f 705/584/680 686/597/693 682/596/692
f 706/587/683 707/580/676 690/598/694
f 706/587/683 690/598/694 686/597/693
f 707/580/676 708/583/679 694/599/651
f 707/580/676 694/599/651 690/598/694
f 708/583/679 709/576/672 699/600/695
f 708/583/679 699/600/695 694/599/651
f 709/576/672 701/579/675 670/601/671
f 709/576/672 670/601/671 699/600/695
f 702/592/688 703/588/684 675/595/691
f 702/592/688 675/595/691 669/602/671
f 760/493/608 741/496/696 740/495/697
f 760/493/608 740/495/697 757/494/601
f 776/497/628 774/500/626 745/499/618
f 776/497/628 745/499/618 756/498/627
f 757/494/601 740/495/697 737/502/698
f 757/494/601 737/502/698 759/501/600
f 758/503/598 738/506/699 739/505/700
f 758/503/598 739/505/700 762/504/591
f 768/507/604 749/510/607 744/509/620
f 768/507/604 744/509/620 770/508/701
f 762/504/591 739/505/700 742/512/702
f 762/504/591 742/512/702 761/511/703
f 766/513/610 750/516/613 743/515/617
f 766/513/610 743/515/617 763/514/616
f 763/514/616 743/515/617 745/499/618
f 763/514/616 745/499/618 764/517/615
f 765/518/614 747/521/704 751/520/612
f 765/518/614 751/520/612 767/519/611
f 767/519/611 751/520/612 750/516/613
f 767/519/611 750/516/613 766/513/610
f 769/522/705 752/523/606 749/510/607
f 769/522/705 749/510/607 768/507/604
f 778/524/624 764/517/615 745/499/618
f 778/524/624 745/499/618 774/500/626
f 772/525/630 748/526/631 752/523/606
f 772/525/630 752/523/606 769/522/705
f 777/527/621 765/518/614 748/526/631
f 777/527/621 748/526/631 772/525/630
f 742/512/702 739/505/700 738/506/699
f 742/512/702 738/506/699 754/528/706
f 773/529/597 775/531/594 755/530/595
f 773/529/597 755/530/595 747/521/704
f 756/498/627 745/499/618 743/515/617
f 756/498/627 743/515/617 750/516/613
f 740/495/697 741/496/696 753/532/707
f 740/495/697 753/532/707 737/502/698
f 747/521/704 755/530/595 750/516/613
f 747/521/704 750/516/613 751/520/612
f 770/508/701 744/509/620 746/534/623
f 770/508/701 746/534/623 771/533/622
f 773/529/597 747/521/704 765/518/614
f 773/529/597 765/518/614 777/527/621
f 771/533/622 746/534/623 764/517/615
f 771/533/622 764/517/615 778/524/624
f 752/523/606 767/519/611 766/513/610
f 752/523/606 766/513/610 749/510/607
f 748/526/631 765/518/614 767/519/611
f 748/526/631 767/519/611 752/523/606
f 744/509/620 763/514/616 764/517/615
f 744/509/620 764/517/615 746/534/623
f 749/510/607 766/513/610 763/514/616
f 749/510/607 763/514/616 744/509/620
f 731/535/708 762/504/591 761/511/703
f 731/535/708 761/511/703 729/536/709
f 732/537/636 758/503/598 762/504/591
f 732/537/636 762/504/591 731/535/708
f 730/538/710 757/494/601 759/501/600
f 730/538/710 759/501/600 736/539/634
f 728/540/711 760/493/608 757/494/601
f 728/540/711 757/494/601 730/538/710
f 732/537/636 771/533/622 778/524/624
f 732/537/636 778/524/624 758/503/598
f 737/502/698 773/529/597 777/527/621
f 737/502/698 777/527/621 759/501/600
f 733/541/639 770/508/701 771/533/622
f 733/541/639 771/533/622 732/537/636
f 737/502/698 753/532/707 775/531/594
f 737/502/698 775/531/594 773/529/597
f 759/501/600 777/527/621 772/525/630
f 759/501/600 772/525/630 736/539/634
f 736/539/634 772/525/630 769/522/705
f 736/539/634 769/522/705 735/542/638
f 758/503/598 778/524/624 774/500/626
f 758/503/598 774/500/626 738/506/699
f 735/542/638 769/522/705 768/507/604
f 735/542/638 768/507/604 734/543/640
f 734/543/640 768/507/604 770/508/701
f 734/543/640 770/508/701 733/541/639
f 754/528/706 738/506/699 774/500/626
f 754/528/706 774/500/626 776/497/628
f 721/544/648 787/547/712 784/546/713
f 721/544/648 784/546/713 719/545/669
f 808/548/714 810/550/668 806/549/715
f 727/551/716 808/548/714 807/553/717
f 727/551/716 807/553/717 726/552/718
f 808/548/714 806/549/715 807/553/717
f 806/549/715 810/550/668 805/554/666
f 725/555/719 803/558/720 799/557/721
f 725/555/719 799/557/721 724/556/722
f 803/558/720 802/560/665 798/559/723
f 803/558/720 798/559/723 799/557/721
f 802/560/665 801/562/724 797/561/658
f 802/560/665 797/561/658 798/559/723
f 723/563/725 795/566/726 791/565/727
f 723/563/725 791/565/727 722/564/728
f 795/566/726 794/568/657 790/567/646
f 795/566/726 790/567/646 791/565/727
f 794/568/657 793/570/729 789/569/651
f 794/568/657 789/569/651 790/567/646
f 726/552/718 807/553/717 803/558/720
f 726/552/718 803/558/720 725/555/719
f 807/553/717 806/549/715 802/560/665
f 807/553/717 802/560/665 803/558/720
f 806/549/715 805/554/666 801/562/724
f 806/549/715 801/562/724 802/560/665
f 724/556/722 799/557/721 795/566/726
f 724/556/722 795/566/726 723/563/725
f 799/557/721 798/559/723 794/568/657
f 799/557/721 794/568/657 795/566/726
f 798/559/723 797/561/658 793/570/729
f 798/559/723 793/570/729 794/568/657
f 722/564/728 791/565/727 787/547/712
f 722/564/728 787/547/712 721/544/648
f 791/565/727 790/567/646 787/547/712
f 789/569/651 786/571/647 790/567/646
f 720/572/730 783/573/731 808/548/714
f 720/572/730 808/548/714 727/551/716
f 783/573/731 781/574/671 810/550/668
f 783/573/731 810/550/668 808/548/714
f 787/547/712 790/567/646 786/571/647
f 787/547/712 786/571/647 782/575/671
f 787/547/712 782/575/671 784/546/713
f 819/576/732 811/579/688 820/578/689
f 819/576/732 820/578/689 828/577/685
f 817/580/733 818/583/734 827/582/735
f 817/580/733 827/582/735 826/581/681
f 815/584/736 816/587/737 825/586/738
f 815/584/736 825/586/738 824/585/677
f 813/588/672 814/591/739 823/590/678
f 813/588/672 823/590/678 822/589/673
f 818/583/734 819/576/732 828/577/685
f 818/583/734 828/577/685 827/582/735
f 816/587/737 817/580/733 826/581/681
f 816/587/737 826/581/681 825/586/738
f 814/591/739 815/584/736 824/585/677
f 814/591/739 824/585/677 823/590/678
f 812/592/675 813/588/672 822/589/673
f 812/592/675 822/589/673 821/593/674
f 828/577/685 730/538/710 736/539/634
f 828/577/685 736/539/634 827/582/735
f 827/582/735 736/539/634 735/542/638
f 827/582/735 735/542/638 826/581/681
f 826/581/681 735/542/638 734/543/640
f 826/581/681 734/543/640 825/586/738
f 825/586/738 734/543/640 733/541/639
f 825/586/738 733/541/639 824/585/677
f 824/585/677 733/541/639 732/537/636
f 824/585/677 732/537/636 823/590/678
f 823/590/678 732/537/636 731/535/708
f 823/590/678 731/535/708 822/589/673
f 822/589/673 731/535/708 729/536/709
f 822/589/673 729/536/709 821/593/674
f 820/578/689 728/540/711 730/538/710
f 820/578/689 730/538/710 828/577/685
f 813/588/672 785/595/740 788/594/741
f 813/588/672 788/594/741 814/591/739
f 814/591/739 788/594/741 792/596/694
f 814/591/739 792/596/694 815/584/736
f 815/584/736 792/596/694 796/597/693
f 815/584/736 796/597/693 816/587/737
f 816/587/737 796/597/693 800/598/692
f 816/587/737 800/598/692 817/580/733
f 817/580/733 800/598/692 804/599/666
f 817/580/733 804/599/666 818/583/734
f 818/583/734 804/599/666 809/600/742
f 818/583/734 809/600/742 819/576/732
f 819/576/732 809/600/742 780/601/671
f 819/576/732 780/601/671 811/579/688
f 812/592/675 779/602/671 785/595/740
f 812/592/675 785/595/740 813/588/672
f 852/603/743 848/604/744 838/605/745
f 854/606/746 849/607/747 838/605/745
f 855/608/748 850/609/749 838/605/745
f 856/610/750 853/611/751 838/605/745
f 848/604/744 854/606/746 838/605/745
f 849/607/747 851/612/752 838/605/745
f 851/612/752 855/608/748 838/605/745
f 850/609/749 856/610/750 838/605/745
f 868/613/753 874/614/754 846/615/755
f 868/613/753 846/615/755 844/616/756
f 869/617/757 873/618/758 845/619/759
f 869/617/757 845/619/759 847/620/760
f 867/621/761 869/617/757 847/620/760
f 867/621/761 847/620/760 842/622/762
f 866/623/763 872/624/764 843/625/765
f 866/623/763 843/625/765 839/626/766
f 874/614/754 871/627/767 841/628/768
f 874/614/754 841/628/768 846/615/755
f 873/618/758 868/613/753 844/616/756
f 873/618/758 844/616/756 845/619/759
f 872/624/764 867/621/761 842/622/762
f 872/624/764 842/622/762 843/625/765
f 891/629/769 888/630/770 856/610/750
f 891/629/769 856/610/750 850/609/749
f 892/631/771 887/632/772 855/608/748
f 892/631/771 855/608/748 851/612/752
f 890/633/773 892/631/771 851/612/752
f 890/633/773 851/612/752 849/607/747
f 889/634/774 886/635/775 854/606/746
f 889/634/774 854/606/746 848/604/744
f 888/630/770 885/636/776 853/611/751
f 888/630/770 853/611/751 856/610/750
f 887/632/772 891/629/769 850/609/749
f 887/632/772 850/609/749 855/608/748
f 886/635/775 890/633/773 849/607/747
f 886/635/775 849/607/747 854/606/746
f 884/637/777 889/634/774 848/604/744
f 884/637/777 848/604/744 852/603/743
f 870/638/778 866/623/763 839/626/766
f 870/638/778 839/626/766 840/639/779
f 875/640/780 880/641/781 862/642/782
f 875/640/780 862/642/782 857/643/783
f 877/644/784 881/645/785 863/646/786
f 877/644/784 863/646/786 859/647/787
f 878/648/788 882/649/789 864/650/790
f 878/648/788 864/650/790 860/651/791
f 879/652/792 876/653/793 858/654/794
f 879/652/792 858/654/794 861/655/795
f 880/641/781 877/644/784 859/647/787
f 880/641/781 859/647/787 862/642/782
f 881/645/785 883/656/796 865/657/797
f 881/645/785 865/657/797 863/646/786
f 883/656/796 878/648/788 860/651/791
f 883/656/796 860/651/791 865/657/797
f 882/649/789 879/652/792 861/655/795
f 882/649/789 861/655/795 864/650/790
f 857/643/783 862/642/782 866/623/763
f 857/643/783 866/623/763 870/638/778
f 859/647/787 863/646/786 867/621/761
f 859/647/787 867/621/761 872/624/764
f 860/651/791 864/650/790 868/613/753
f 860/651/791 868/613/753 873/618/758
f 861/655/795 858/654/794 871/627/767
f 861/655/795 871/627/767 874/614/754
f 862/642/782 859/647/787 872/624/764
f 862/642/782 872/624/764 866/623/763
f 863/646/786 865/657/797 869/617/757
f 863/646/786 869/617/757 867/621/761
f 865/657/797 860/651/791 873/618/758
f 865/657/797 873/618/758 869/617/757
f 864/650/790 861/655/795 874/614/754
f 864/650/790 874/614/754 868/613/753
f 836/658/798 835/659/799 879/652/792
f 836/658/798 879/652/792 882/649/789
f 829/660/800 837/661/801 878/648/788
f 829/660/800 878/648/788 883/656/796
f 830/662/802 829/660/800 883/656/796
f 830/662/802 883/656/796 881/645/785
f 832/663/803 831/664/804 877/644/784
f 832/663/803 877/644/784 880/641/781
f 835/659/799 834/665/805 876/653/793
f 835/659/799 876/653/793 879/652/792
f 837/661/801 836/658/798 882/649/789
f 837/661/801 882/649/789 878/648/788
f 831/664/804 830/662/802 881/645/785
f 831/664/804 881/645/785 877/644/784
f 833/666/806 832/663/803 880/641/781
f 833/666/806 880/641/781 875/640/780
f 840/639/779 839/626/766 889/634/774
f 840/639/779 889/634/774 884/637/777
f 843/625/765 842/622/762 890/633/773
f 843/625/765 890/633/773 886/635/775
f 845/619/759 844/616/756 891/629/769
f 845/619/759 891/629/769 887/632/772
f 846/615/755 841/628/768 885/636/776
f 846/615/755 885/636/776 888/630/770
f 839/626/766 843/625/765 886/635/775
f 839/626/766 886/635/775 889/634/774
f 842/622/762 847/620/760 892/631/771
f 842/622/762 892/631/771 890/633/773
f 847/620/760 845/619/759 887/632/772
f 847/620/760 887/632/772 892/631/771
f 844/616/756 846/615/755 888/630/770
f 844/616/756 888/630/770 891/629/769
