# Blender 5.1.0
# www.blender.org
mtllib InvertFox.mtl
o InvertFox
v 0.567089 0.770437 -0.000000
v 0.567089 0.770437 -0.000000
v 0.567089 0.743837 0.064219
v 0.567089 0.743837 0.064219
v 0.567089 0.679617 0.090820
v 0.567089 0.679617 0.090820
v 0.567089 0.615398 0.064219
v 0.567089 0.615398 0.064219
v 0.567089 0.588797 -0.000000
v 0.567089 0.588797 -0.000000
v 0.567089 0.615398 -0.064219
v 0.567089 0.615398 -0.064219
v 0.567089 0.679617 -0.090820
v 0.567089 0.679617 -0.090820
v 0.567089 0.679617 -0.090820
v 0.567089 0.679617 -0.090820
v 0.567089 0.743837 -0.064219
v 0.567089 0.743837 -0.064219
v 0.639977 0.743631 -0.000000
v 0.639977 0.724882 0.045264
v 0.639977 0.679617 0.064013
v 0.639977 0.634353 0.045264
v 0.639977 0.615604 -0.000000
v 0.639977 0.634353 -0.045264
v 0.658676 0.679617 -0.000000
v 0.639977 0.679617 -0.064013
v 0.639977 0.679617 -0.064013
v 0.639977 0.724882 -0.045264
v 0.310770 0.770764 -0.000000
v 0.310770 0.770764 -0.000000
v 0.410437 0.771209 -0.000000
v 0.410437 0.744383 0.064765
v 0.310770 0.744068 0.064450
v 0.310770 0.744068 0.064450
v 0.310770 0.744068 -0.064450
v 0.310770 0.744068 -0.064450
v 0.410437 0.744383 -0.064765
v 0.310770 0.615167 -0.064450
v 0.310770 0.615167 -0.064450
v 0.410437 0.614852 -0.064765
v 0.410437 0.679617 -0.091592
v 0.410437 0.679617 -0.091592
v 0.310770 0.679617 -0.091146
v 0.310770 0.679617 -0.091146
v 0.310770 0.679617 -0.091146
v 0.310770 0.679617 -0.091146
v 0.310770 0.615167 0.064450
v 0.310770 0.615167 0.064450
v 0.410437 0.614852 0.064765
v 0.410437 0.588025 -0.000000
v 0.310770 0.588471 -0.000000
v 0.310770 0.588471 -0.000000
v 0.410437 0.679617 0.091592
v 0.310770 0.679617 0.091146
v 0.310770 0.679617 0.091146
v 0.156456 0.770254 -0.000000
v 0.129704 0.747686 -0.000000
v 0.156456 0.743707 0.064090
v 0.129704 0.727749 0.048132
v 0.156456 0.679617 0.090637
v 0.129704 0.679617 0.068068
v 0.156456 0.615527 0.064090
v 0.129704 0.631486 0.048132
v 0.109423 0.679617 -0.000000
v 0.156456 0.588980 -0.000000
v 0.129704 0.611549 -0.000000
v 0.156456 0.615527 -0.064090
v 0.129704 0.631486 -0.048132
v 0.156456 0.679617 -0.090637
v 0.156456 0.679617 -0.090637
v 0.129704 0.679617 -0.068068
v 0.129704 0.679617 -0.068068
v 0.156456 0.743707 -0.064090
v 0.129704 0.727749 -0.048132
v 0.270993 0.765916 -0.086299
v 0.270993 0.801662 -0.000000
v 0.270993 0.765916 0.086299
v 0.270993 0.679617 0.122045
v 0.270993 0.593319 0.086299
v 0.270993 0.557573 -0.000000
v 0.270993 0.593319 -0.086299
v 0.270993 0.679617 -0.122045
v 0.270993 0.679617 -0.122045
v 0.541271 0.763251 -0.083633
v 0.541271 0.797892 -0.000000
v 0.541271 0.763251 0.083633
v 0.541271 0.679617 0.118275
v 0.541271 0.679617 -0.118275
v 0.541271 0.679617 -0.118275
v 0.541271 0.561342 -0.000000
v 0.541271 0.595984 -0.083633
v 0.541271 0.595984 0.083633
v 0.359672 0.587983 -0.000000
v 0.359672 0.771252 -0.000000
v 0.359672 0.614822 -0.064795
v 0.359672 0.744413 -0.064795
v 0.359672 0.679617 -0.091634
v 0.359672 0.679617 -0.091634
v 0.212779 0.759815 -0.080198
v 0.212779 0.793034 -0.000000
v 0.212779 0.759815 0.080197
v 0.212779 0.679617 0.113416
v 0.212779 0.599420 0.080197
v 0.212779 0.566201 -0.000000
v 0.212779 0.599420 -0.080198
v 0.212779 0.679617 -0.113416
v 0.212779 0.679617 -0.113416
v 0.600774 0.743771 -0.064154
v 0.600774 0.770344 -0.000000
v 0.600774 0.743771 0.064154
v 0.600774 0.679617 0.090727
v 0.600774 0.615464 0.064154
v 0.600774 0.588890 -0.000000
v 0.600774 0.615464 -0.064154
v 0.600774 0.679617 -0.090727
v 0.600774 0.679617 -0.090727
v -0.567089 0.770437 -0.000000
v -0.567089 0.770437 -0.000000
v -0.567089 0.743837 0.064219
v -0.567089 0.743837 0.064219
v -0.567089 0.679617 0.090820
v -0.567089 0.679617 0.090820
v -0.567089 0.615398 0.064219
v -0.567089 0.615398 0.064219
v -0.567089 0.588797 -0.000000
v -0.567089 0.588797 -0.000000
v -0.567089 0.615398 -0.064219
v -0.567089 0.615398 -0.064219
v -0.567089 0.679617 -0.090820
v -0.567089 0.679617 -0.090820
v -0.567089 0.679617 -0.090820
v -0.567089 0.679617 -0.090820
v -0.567089 0.743837 -0.064219
v -0.567089 0.743837 -0.064219
v -0.639977 0.743631 -0.000000
v -0.639977 0.724882 0.045264
v -0.639977 0.679617 0.064013
v -0.639977 0.634353 0.045264
v -0.639977 0.615604 -0.000000
v -0.639977 0.634353 -0.045264
v -0.658676 0.679617 -0.000000
v -0.639977 0.679617 -0.064013
v -0.639977 0.679617 -0.064013
v -0.639977 0.724882 -0.045264
v -0.310770 0.770764 -0.000000
v -0.310770 0.770764 -0.000000
v -0.410437 0.771209 -0.000000
v -0.410437 0.744383 0.064765
v -0.310770 0.744068 0.064450
v -0.310770 0.744068 0.064450
v -0.310770 0.744068 -0.064450
v -0.310770 0.744068 -0.064450
v -0.410437 0.744383 -0.064765
v -0.310770 0.615167 -0.064450
v -0.310770 0.615167 -0.064450
v -0.410437 0.614852 -0.064765
v -0.410437 0.679617 -0.091592
v -0.410437 0.679617 -0.091592
v -0.310770 0.679617 -0.091146
v -0.310770 0.679617 -0.091146
v -0.310770 0.679617 -0.091146
v -0.310770 0.679617 -0.091146
v -0.310770 0.615167 0.064450
v -0.310770 0.615167 0.064450
v -0.410437 0.614852 0.064765
v -0.410437 0.588025 -0.000000
v -0.310770 0.588471 -0.000000
v -0.310770 0.588471 -0.000000
v -0.410437 0.679617 0.091592
v -0.310770 0.679617 0.091146
v -0.310770 0.679617 0.091146
v -0.156456 0.770254 -0.000000
v -0.129704 0.747686 -0.000000
v -0.156456 0.743707 0.064090
v -0.129704 0.727749 0.048132
v -0.156456 0.679617 0.090637
v -0.129704 0.679617 0.068068
v -0.156456 0.615527 0.064090
v -0.129704 0.631486 0.048132
v -0.109423 0.679617 -0.000000
v -0.156456 0.588980 -0.000000
v -0.129704 0.611549 -0.000000
v -0.156456 0.615527 -0.064090
v -0.129704 0.631486 -0.048132
v -0.156456 0.679617 -0.090637
v -0.156456 0.679617 -0.090637
v -0.129704 0.679617 -0.068068
v -0.129704 0.679617 -0.068068
v -0.156456 0.743707 -0.064090
v -0.129704 0.727749 -0.048132
v -0.270993 0.765916 -0.086299
v -0.270993 0.801662 -0.000000
v -0.270993 0.765916 0.086299
v -0.270993 0.679617 0.122045
v -0.270993 0.593319 0.086299
v -0.270993 0.557573 -0.000000
v -0.270993 0.593319 -0.086299
v -0.270993 0.679617 -0.122045
v -0.270993 0.679617 -0.122045
v -0.541271 0.763251 -0.083633
v -0.541271 0.797892 -0.000000
v -0.541271 0.763251 0.083633
v -0.541271 0.679617 0.118275
v -0.541271 0.679617 -0.118275
v -0.541271 0.679617 -0.118275
v -0.541271 0.561342 -0.000000
v -0.541271 0.595984 -0.083633
v -0.541271 0.595984 0.083633
v -0.359672 0.587983 -0.000000
v -0.359672 0.771252 -0.000000
v -0.359672 0.614822 -0.064795
v -0.359672 0.744413 -0.064795
v -0.359672 0.679617 -0.091634
v -0.359672 0.679617 -0.091634
v -0.212779 0.759815 -0.080198
v -0.212779 0.793034 -0.000000
v -0.212779 0.759815 0.080197
v -0.212779 0.679617 0.113416
v -0.212779 0.599420 0.080197
v -0.212779 0.566201 -0.000000
v -0.212779 0.599420 -0.080198
v -0.212779 0.679617 -0.113416
v -0.212779 0.679617 -0.113416
v -0.600774 0.743771 -0.064154
v -0.600774 0.770344 -0.000000
v -0.600774 0.743771 0.064154
v -0.600774 0.679617 0.090727
v -0.600774 0.615464 0.064154
v -0.600774 0.588890 -0.000000
v -0.600774 0.615464 -0.064154
v -0.600774 0.679617 -0.090727
v -0.600774 0.679617 -0.090727
v 0.156083 0.726052 0.274430
v 0.303791 0.792820 0.214023
v 0.394855 0.945451 0.154674
v 0.392482 1.121336 0.167187
v 0.278354 1.237387 0.238373
v 0.150342 1.317149 0.288643
v 0.146634 1.084632 -0.469445
v 0.143391 1.293622 -0.440838
v 0.112240 1.402139 -0.128760
v 0.083700 1.073716 -0.487350
v 0.082104 1.313390 -0.451644
v 0.154143 1.242338 -0.464377
v 0.155325 1.160579 -0.480787
v 0.196623 1.013649 -0.405545
v 0.184593 1.304978 -0.377295
v 0.232971 1.226748 -0.388624
v 0.237100 1.115960 -0.403110
v 0.165480 0.728266 -0.143711
v 0.360657 1.202933 -0.170394
v 0.363653 0.988097 -0.204460
v 0.235240 1.319359 -0.180435
v 0.293502 0.825121 -0.178133
v 0.079863 1.177964 -0.523673
v 0.078889 1.260991 -0.504422
v 0.110442 0.956279 -0.408246
v 0.100615 1.347719 -0.368861
v 0.093027 1.426362 0.014726
v 0.242353 0.728266 0.017899
v 0.412080 0.958709 -0.073139
v 0.414051 1.153094 -0.048986
v 0.336359 0.790255 -0.024425
v 0.307416 1.271808 0.147533
v 0.416749 0.942819 0.058071
v 0.418862 1.162072 0.075297
v 0.155617 1.368439 0.166445
v 0.171302 0.718203 0.168375
v 0.336410 0.782808 0.118057
v 0.239510 0.916507 -0.306679
v 0.294368 1.208910 -0.293510
v 0.298218 1.053709 -0.311127
v 0.219715 1.311385 -0.282814
v 0.132157 0.834762 -0.298460
v 0.113691 1.372834 -0.263962
v -0.113562 0.710242 -0.101296
v -0.169501 0.711855 0.011718
v -0.117106 0.710490 0.117487
v 0.133122 1.280707 0.281446
v 0.246425 1.210110 0.236953
v 0.348923 1.107394 0.173946
v 0.350586 0.952386 0.163007
v 0.268534 0.819504 0.215357
v 0.137893 0.759845 0.266454
v 0.162948 0.503502 -0.159523
v 0.230443 0.503502 0.003424
v 0.162948 0.503502 0.166372
v 0.124513 0.783183 0.203192
v 0.245408 0.834379 0.164479
v 0.313437 1.102813 0.133069
v 0.223675 1.197621 0.180770
v 0.213749 0.426244 0.217174
v 0.302287 0.426244 0.003424
v 0.213749 0.426244 -0.210325
v 0.091483 0.686873 0.095286
v 0.091483 0.686873 0.095286
v 0.141188 0.690523 0.006432
v 0.141188 0.690523 0.006432
v 0.091483 0.686873 -0.087680
v 0.091483 0.686873 -0.087680
v 0.162280 0.570159 0.166219
v 0.229743 0.570230 0.003994
v 0.162280 0.570150 -0.158340
v 0.139515 0.634554 0.143372
v 0.203484 0.636462 0.005233
v 0.139515 0.634549 -0.135657
v -0.156083 0.726052 0.274430
v -0.303791 0.792820 0.214023
v -0.394855 0.945451 0.154674
v -0.392482 1.121336 0.167187
v -0.278354 1.237387 0.238373
v -0.150342 1.317149 0.288643
v -0.146634 1.084632 -0.469445
v -0.143391 1.293622 -0.440838
v -0.112240 1.402139 -0.128760
v -0.083700 1.073716 -0.487350
v -0.082104 1.313390 -0.451644
v -0.154143 1.242338 -0.464377
v -0.155325 1.160579 -0.480787
v -0.196623 1.013649 -0.405545
v -0.184593 1.304978 -0.377295
v -0.232971 1.226748 -0.388624
v -0.237100 1.115960 -0.403110
v -0.165480 0.728266 -0.143711
v -0.360657 1.202933 -0.170394
v -0.363653 0.988097 -0.204460
v -0.235240 1.319359 -0.180435
v -0.293502 0.825121 -0.178133
v -0.079863 1.177964 -0.523673
v -0.078889 1.260991 -0.504422
v -0.110442 0.956279 -0.408246
v -0.100615 1.347719 -0.368861
v -0.093027 1.426362 0.014726
v -0.242353 0.728266 0.017899
v -0.412080 0.958709 -0.073139
v -0.414051 1.153094 -0.048986
v -0.336359 0.790255 -0.024425
v -0.307416 1.271808 0.147533
v -0.416749 0.942819 0.058071
v -0.418862 1.162072 0.075297
v -0.155617 1.368439 0.166445
v -0.171302 0.718203 0.168375
v -0.336410 0.782808 0.118057
v -0.239510 0.916507 -0.306679
v -0.294368 1.208910 -0.293510
v -0.298218 1.053709 -0.311127
v -0.219715 1.311385 -0.282814
v -0.132157 0.834762 -0.298460
v -0.113691 1.372834 -0.263962
v 0.000000 0.710242 -0.147662
v 0.000000 0.710242 -0.147662
v 0.113562 0.710242 -0.101296
v 0.169501 0.711855 0.011718
v -0.133122 1.280707 0.281446
v -0.246425 1.210110 0.236953
v -0.348923 1.107394 0.173946
v -0.350586 0.952386 0.163007
v -0.268534 0.819504 0.215357
v -0.137893 0.759845 0.266454
v -0.162948 0.503502 -0.159523
v -0.230443 0.503502 0.003424
v -0.162948 0.503502 0.166372
v -0.124513 0.783183 0.203192
v -0.245408 0.834379 0.164479
v -0.119095 1.262782 0.214456
v -0.213749 0.426244 0.217174
v -0.302287 0.426244 0.003424
v -0.213749 0.426244 -0.210325
v -0.091483 0.686873 0.095286
v -0.091483 0.686873 0.095286
v -0.141188 0.690523 0.006432
v -0.141188 0.690523 0.006432
v -0.091483 0.686873 -0.087680
v -0.091483 0.686873 -0.087680
v -0.162280 0.570159 0.166219
v -0.229743 0.570230 0.003994
v -0.162280 0.570150 -0.158340
v -0.139515 0.634554 0.143372
v -0.203484 0.636462 0.005233
v -0.139515 0.634549 -0.135657
v 0.000000 0.751596 0.281502
v 0.000000 1.302497 0.297065
v 0.000000 1.302497 0.297065
v 0.117106 0.710490 0.117487
v 0.000000 1.342327 0.309179
v 0.000000 1.342327 0.309179
v 0.000000 0.719092 0.290357
v 0.000000 1.067399 -0.489093
v 0.000000 1.067399 -0.489093
v 0.000000 1.320726 -0.452273
v 0.000000 1.320726 -0.452273
v 0.000000 1.417202 -0.118856
v 0.000000 1.417202 -0.118856
v 0.000000 0.728266 -0.210732
v 0.000000 0.728266 -0.210732
v 0.000000 1.180833 -0.531572
v 0.000000 1.180833 -0.531572
v 0.000000 1.266448 -0.511444
v 0.000000 1.266448 -0.511444
v 0.000000 0.938142 -0.410733
v 0.000000 0.938142 -0.410733
v 0.000000 1.361329 -0.364270
v 0.000000 1.361329 -0.364270
v 0.000000 1.437815 0.018111
v 0.000000 1.437815 0.018111
v 0.000000 1.404158 0.166901
v 0.000000 1.404158 0.166901
v 0.000000 0.710646 0.209760
v 0.000000 0.813438 -0.308728
v 0.000000 0.813438 -0.308728
v 0.000000 1.391174 -0.258767
v 0.000000 1.391174 -0.258767
v 0.000000 0.710245 0.158321
v 0.000000 0.503502 -0.227018
v 0.000000 0.503502 -0.227018
v 0.000000 0.503502 0.233867
v 0.042750 0.426244 0.288004
v 0.000000 0.426244 -0.298863
v 0.000000 0.426244 -0.298863
v 0.000000 0.686873 -0.125574
v 0.000000 0.686873 -0.125574
v 0.000000 0.686873 -0.125574
v 0.000000 0.686873 -0.125574
v 0.000000 0.686791 0.132614
v 0.000000 0.686791 0.132614
v 0.000000 0.570148 -0.225559
v 0.000000 0.570148 -0.225559
v 0.000000 0.570161 0.233437
v 0.000000 0.634556 0.201161
v 0.000000 0.634548 -0.193446
v 0.000000 0.634548 -0.193446
v 0.130556 1.360997 -0.084371
v 0.213427 1.296729 -0.158127
v 0.130843 1.376852 0.038960
v 0.186219 1.328562 0.134897
v 0.277511 1.243328 0.110691
v 0.370317 1.144383 -0.029437
v 0.358485 1.158253 0.060695
v 0.301070 1.194139 -0.164309
v -0.130556 1.360997 -0.084371
v -0.213427 1.296729 -0.158127
v -0.130843 1.376852 0.038960
v -0.186219 1.328562 0.134897
v -0.277511 1.243328 0.110691
v -0.370317 1.144383 -0.029437
v -0.358485 1.158253 0.060695
v -0.301070 1.194139 -0.164309
v 0.000000 1.277279 0.249349
v 0.000000 1.277279 0.249349
v 0.119095 1.262782 0.214456
v -0.313437 1.102813 0.133069
v -0.316769 0.941279 0.122692
v -0.223675 1.197621 0.180770
v 0.316769 0.941279 0.122692
v 0.000000 0.776325 0.215527
v -0.042750 0.426244 0.288004
v 0.213427 1.296729 -0.158127
v 0.130556 1.360997 -0.084371
v 0.277511 1.243328 0.110691
v 0.370317 1.144383 -0.029437
v 0.130843 1.376852 0.038960
v 0.186219 1.328562 0.134897
v 0.358485 1.158253 0.060695
v 0.301070 1.194139 -0.164309
v 0.267518 1.532369 -0.017648
v 0.358537 1.531434 0.054761
v 0.416330 1.499140 -0.004759
v 0.277622 1.552305 0.038445
v 0.292419 1.519588 0.069663
v 0.332382 1.527456 -0.035895
v 0.409028 1.472497 0.032513
v 0.390878 1.484915 -0.049256
v 0.411073 1.324499 0.023906
v 0.424058 1.327032 -0.039404
v 0.282716 1.406727 -0.119436
v 0.202739 1.442458 -0.066626
v 0.195571 1.456523 0.031163
v 0.230074 1.430051 0.087675
v 0.371561 1.349696 -0.107627
v 0.356850 1.569172 0.027157
v 0.244960 1.346571 0.083839
v 0.294186 1.309041 0.068572
v 0.341341 1.269201 0.046334
v 0.296236 1.469380 0.059312
v 0.336025 1.459177 0.045631
v 0.375274 1.434797 0.033598
v 0.312217 1.374911 0.048701
v 0.364232 1.346725 0.034492
v 0.266557 1.403068 0.068674
v 0.217515 0.835127 0.221459
v 0.274267 1.069281 0.208762
v 0.048261 0.884726 0.524536
v 0.058760 0.932730 0.533263
v 0.048650 0.978524 0.522588
v 0.081429 0.986156 0.417213
v 0.108840 0.914008 0.419793
v 0.079182 0.838918 0.407754
v 0.274659 0.915190 0.201180
v 0.122526 0.792868 0.244555
v 0.122526 0.792868 0.244555
v 0.124289 1.022507 0.308930
v 0.124289 1.022507 0.308930
v 0.150337 0.899488 0.299630
v 0.150337 0.899488 0.299630
v 0.226539 0.487500 -0.000000
v 0.160187 0.487500 0.160187
v 0.160187 0.487500 -0.160187
v 0.134389 0.392522 -0.139182
v 0.158792 0.358007 -0.000000
v 0.134389 0.392522 0.139181
v 0.131320 0.605642 -0.131320
v 0.185714 0.604449 -0.000000
v 0.131320 0.605426 0.131320
v 0.208063 1.161743 0.236595
v 0.122520 1.204658 0.267579
v -0.213427 1.296729 -0.158127
v -0.130556 1.360997 -0.084371
v -0.277511 1.243328 0.110691
v -0.370317 1.144383 -0.029437
v -0.130843 1.376852 0.038960
v -0.186219 1.328562 0.134897
v -0.358485 1.158253 0.060695
v -0.301070 1.194139 -0.164309
v -0.267518 1.532369 -0.017648
v -0.358537 1.531434 0.054761
v -0.416330 1.499140 -0.004759
v -0.277622 1.552305 0.038445
v -0.292419 1.519588 0.069663
v -0.332382 1.527456 -0.035895
v -0.409028 1.472497 0.032513
v -0.390878 1.484915 -0.049256
v -0.411073 1.324499 0.023906
v -0.424058 1.327032 -0.039404
v -0.282716 1.406727 -0.119436
v -0.202739 1.442458 -0.066626
v -0.195571 1.456523 0.031163
v -0.230074 1.430051 0.087675
v -0.371561 1.349696 -0.107627
v -0.356850 1.569172 0.027157
v -0.244960 1.346571 0.083839
v -0.294186 1.309041 0.068572
v -0.341341 1.269201 0.046334
v -0.296236 1.469380 0.059312
v -0.336025 1.459177 0.045631
v -0.375274 1.434797 0.033598
v -0.312217 1.374911 0.048701
v -0.364232 1.346725 0.034492
v -0.266557 1.403068 0.068674
v -0.217515 0.835127 0.221459
v -0.274267 1.069281 0.208762
v -0.048261 0.884726 0.524536
v -0.058760 0.932730 0.533263
v -0.048650 0.978524 0.522588
v -0.081429 0.986156 0.417213
v -0.108840 0.914008 0.419793
v -0.079182 0.838918 0.407754
v -0.274659 0.915190 0.201180
v -0.122526 0.792868 0.244555
v -0.122526 0.792868 0.244555
v -0.124289 1.022507 0.308930
v -0.124289 1.022507 0.308930
v -0.150337 0.899488 0.299630
v -0.150337 0.899488 0.299630
v -0.226539 0.487500 -0.000000
v -0.160187 0.487500 0.160187
v -0.160187 0.487500 -0.160187
v -0.134389 0.392522 -0.139182
v -0.158792 0.358007 -0.000000
v -0.134389 0.392522 0.139181
v -0.131320 0.605642 -0.131320
v -0.185714 0.604449 -0.000000
v -0.131320 0.605426 0.131320
v 0.000000 0.784706 0.259724
v 0.000000 0.784706 0.259724
v 0.000000 1.054415 0.333789
v 0.000000 1.054415 0.333789
v 0.000000 0.989864 0.529721
v 0.000000 0.875484 0.532558
v 0.000000 0.932747 0.545755
v 0.000000 1.009688 0.419676
v 0.000000 0.810613 0.400006
v 0.000000 0.487500 -0.226539
v 0.000000 0.487500 -0.226539
v 0.000000 0.487500 0.226539
v 0.000000 0.381308 -0.173721
v 0.000000 0.381308 -0.173721
v 0.000000 0.381308 0.173721
v 0.000000 0.605336 -0.185714
v 0.000000 0.605336 -0.185714
v 0.000000 0.604822 0.185714
v 0.000000 0.312712 -0.000000
v -0.208063 1.161743 0.236595
v -0.122520 1.204658 0.267579
v 0.000000 1.218929 0.288040
v 0.316769 0.941279 0.122692
v 0.119095 1.262782 0.214456
v 0.000000 1.277279 0.249349
v 0.000000 0.776325 0.215527
v -0.313437 1.102813 0.133069
v -0.316769 0.941279 0.122692
v -0.223675 1.197621 0.180770
v 0.223675 1.197621 0.180770
v 0.313437 1.102813 0.133069
v 0.245408 0.834379 0.164479
v 0.124513 0.783183 0.203192
v -0.245408 0.834379 0.164479
v -0.124513 0.783183 0.203192
v -0.119095 1.262782 0.214456
v 0.128842 0.466324 -0.060421
v 0.128842 0.466324 -0.060421
v 0.086102 0.466303 -0.042707
v 0.068422 0.466317 -0.000003
v 0.086104 0.466402 0.042710
v 0.128842 0.466451 0.060421
v 0.171581 0.466402 0.042710
v 0.189263 0.466317 -0.000003
v 0.171583 0.466303 -0.042707
v 0.128842 0.150940 -0.110252
v 0.128842 0.150940 -0.110252
v 0.204292 0.150940 -0.078152
v 0.053393 0.150940 -0.078152
v 0.020240 0.150940 0.007839
v 0.055406 0.150940 0.085564
v 0.128842 0.150940 0.116034
v 0.202278 0.150940 0.085564
v 0.237444 0.150940 0.007839
v 0.214819 -0.027377 -0.010262
v 0.042866 -0.027377 -0.010262
v 0.061069 -0.022433 -0.073386
v 0.196616 -0.022433 -0.073386
v 0.128842 -0.026904 -0.088372
v 0.128842 -0.026904 -0.088372
v 0.061898 -0.022816 0.160146
v 0.056864 0.084076 0.163214
v 0.042918 -0.028013 0.113523
v 0.019456 0.071208 0.115084
v 0.214766 -0.028013 0.113523
v 0.238228 0.071208 0.115084
v 0.128842 0.089858 0.183717
v 0.128842 -0.026900 0.170597
v 0.195786 -0.022816 0.160146
v 0.200821 0.084076 0.163214
v 0.128842 -0.040133 -0.014071
v 0.128842 -0.040133 -0.014071
v 0.128842 -0.040113 0.115344
v 0.128842 -0.040113 0.115344
v 0.207174 0.025023 -0.089120
v 0.012326 0.025023 -0.013562
v 0.245359 0.025023 -0.013562
v 0.128842 0.025023 -0.119963
v 0.128842 0.025023 -0.119963
v 0.050510 0.025023 -0.089121
v 0.052135 0.025023 0.171603
v 0.012404 0.025023 0.117858
v 0.245280 0.025023 0.117858
v 0.128842 0.025023 0.193079
v 0.205550 0.025023 0.171603
v 0.128842 0.132636 0.150665
v 0.200135 0.130808 0.121455
v 0.057549 0.130808 0.121455
v 0.017748 0.103820 0.063444
v 0.239937 0.103820 0.063444
v 0.218484 -0.028281 0.049502
v 0.039201 -0.028281 0.049502
v 0.128842 -0.040861 0.049617
v 0.128842 -0.040861 0.049617
v 0.251551 0.025023 0.050764
v 0.006133 0.025023 0.050764
v 0.128842 0.248757 -0.095025
v 0.128842 0.248757 -0.095025
v 0.128842 0.248757 -0.095025
v 0.128842 0.248757 -0.095025
v 0.128842 0.359345 -0.098217
v 0.128842 0.359345 -0.098217
v 0.062829 0.248757 -0.067091
v 0.062829 0.248757 -0.067091
v 0.059777 0.359295 -0.069407
v 0.034352 0.248757 0.005996
v 0.034352 0.248757 0.005996
v 0.032579 0.303901 0.003973
v 0.030803 0.359313 0.001949
v 0.064224 0.248757 0.073286
v 0.064224 0.248757 0.073286
v 0.062224 0.304177 0.072371
v 0.060224 0.359534 0.071457
v 0.128842 0.248757 0.100130
v 0.128842 0.248757 0.100130
v 0.128842 0.304329 0.100025
v 0.128842 0.359652 0.099920
v 0.193461 0.248757 0.073286
v 0.193461 0.248757 0.073286
v 0.195460 0.304177 0.072371
v 0.197461 0.359534 0.071457
v 0.223333 0.248757 0.005996
v 0.223333 0.248757 0.005996
v 0.225106 0.303901 0.003973
v 0.226882 0.359313 0.001949
v 0.197907 0.359295 -0.069407
v 0.194856 0.248757 -0.067091
v 0.194856 0.248757 -0.067091
v 0.128842 0.231359 -0.113155
v 0.128842 0.231359 -0.113155
v 0.046223 0.231359 -0.078933
v 0.012001 0.231359 0.003686
v 0.046223 0.231359 0.086305
v 0.128842 0.231359 0.120527
v 0.211461 0.231359 0.086305
v 0.245683 0.231359 0.003686
v 0.211461 0.231359 -0.078933
v 0.128842 0.167252 -0.119703
v 0.128842 0.167252 -0.119703
v 0.041593 0.167252 -0.083563
v 0.005453 0.167252 0.003686
v 0.041593 0.167252 0.090935
v 0.128842 0.167252 0.127075
v 0.216092 0.167252 0.090935
v 0.252232 0.167252 0.003686
v 0.216092 0.167252 -0.083563
v -0.128842 0.466324 -0.060421
v -0.128842 0.466324 -0.060421
v -0.086102 0.466303 -0.042707
v -0.068422 0.466317 -0.000003
v -0.086104 0.466402 0.042710
v -0.128842 0.466451 0.060421
v -0.171581 0.466402 0.042710
v -0.189263 0.466317 -0.000003
v -0.171583 0.466303 -0.042707
v -0.128842 0.150940 -0.110252
v -0.128842 0.150940 -0.110252
v -0.204292 0.150940 -0.078152
v -0.053393 0.150940 -0.078152
v -0.020240 0.150940 0.007839
v -0.055406 0.150940 0.085564
v -0.128842 0.150940 0.116034
v -0.202278 0.150940 0.085564
v -0.237444 0.150940 0.007839
v -0.214819 -0.027377 -0.010262
v -0.042866 -0.027377 -0.010262
v -0.061069 -0.022433 -0.073386
v -0.196616 -0.022433 -0.073386
v -0.128842 -0.026904 -0.088372
v -0.128842 -0.026904 -0.088372
v -0.061898 -0.022816 0.160146
v -0.056864 0.084076 0.163214
v -0.042918 -0.028013 0.113523
v -0.019456 0.071208 0.115084
v -0.214766 -0.028013 0.113523
v -0.238228 0.071208 0.115084
v -0.128842 0.089858 0.183717
v -0.128842 -0.026900 0.170597
v -0.195786 -0.022816 0.160146
v -0.200821 0.084076 0.163214
v -0.128842 -0.040133 -0.014071
v -0.128842 -0.040133 -0.014071
v -0.128842 -0.040113 0.115344
v -0.128842 -0.040113 0.115344
v -0.207174 0.025023 -0.089120
v -0.012326 0.025023 -0.013562
v -0.245359 0.025023 -0.013562
v -0.128842 0.025023 -0.119963
v -0.128842 0.025023 -0.119963
v -0.050510 0.025023 -0.089121
v -0.052135 0.025023 0.171603
v -0.012404 0.025023 0.117858
v -0.245280 0.025023 0.117858
v -0.128842 0.025023 0.193079
v -0.205550 0.025023 0.171603
v -0.128842 0.132636 0.150665
v -0.200135 0.130808 0.121455
v -0.057549 0.130808 0.121455
v -0.017748 0.103820 0.063444
v -0.239937 0.103820 0.063444
v -0.218484 -0.028281 0.049502
v -0.039201 -0.028281 0.049502
v -0.128842 -0.040861 0.049617
v -0.128842 -0.040861 0.049617
v -0.251551 0.025023 0.050764
v -0.006133 0.025023 0.050764
v -0.128842 0.248757 -0.095025
v -0.128842 0.248757 -0.095025
v -0.128842 0.248757 -0.095025
v -0.128842 0.248757 -0.095025
v -0.128842 0.359345 -0.098217
v -0.128842 0.359345 -0.098217
v -0.062829 0.248757 -0.067091
v -0.062829 0.248757 -0.067091
v -0.059777 0.359295 -0.069407
v -0.034352 0.248757 0.005996
v -0.034352 0.248757 0.005996
v -0.032579 0.303901 0.003973
v -0.030803 0.359313 0.001949
v -0.064224 0.248757 0.073286
v -0.064224 0.248757 0.073286
v -0.062224 0.304177 0.072371
v -0.060224 0.359534 0.071457
v -0.128842 0.248757 0.100130
v -0.128842 0.248757 0.100130
v -0.128842 0.304329 0.100025
v -0.128842 0.359652 0.099920
v -0.193461 0.248757 0.073286
v -0.193461 0.248757 0.073286
v -0.195460 0.304177 0.072371
v -0.197461 0.359534 0.071457
v -0.223333 0.248757 0.005996
v -0.223333 0.248757 0.005996
v -0.225106 0.303901 0.003973
v -0.226882 0.359313 0.001949
v -0.197907 0.359295 -0.069407
v -0.194856 0.248757 -0.067091
v -0.194856 0.248757 -0.067091
v -0.128842 0.231359 -0.113155
v -0.128842 0.231359 -0.113155
v -0.046223 0.231359 -0.078933
v -0.012001 0.231359 0.003686
v -0.046223 0.231359 0.086305
v -0.128842 0.231359 0.120527
v -0.211461 0.231359 0.086305
v -0.245683 0.231359 0.003686
v -0.211461 0.231359 -0.078933
v -0.128842 0.167252 -0.119703
v -0.128842 0.167252 -0.119703
v -0.041593 0.167252 -0.083563
v -0.005453 0.167252 0.003686
v -0.041593 0.167252 0.090935
v -0.128842 0.167252 0.127075
v -0.216092 0.167252 0.090935
v -0.252232 0.167252 0.003686
v -0.216092 0.167252 -0.083563
v 0.000000 0.487811 -0.177316
v -0.035894 0.472943 -0.177316
v -0.050762 0.437049 -0.177316
v -0.035894 0.401155 -0.177316
v 0.000000 0.386287 -0.177316
v 0.000000 0.386287 -0.177316
v 0.035894 0.401155 -0.177316
v 0.050762 0.437049 -0.177316
v 0.035894 0.472943 -0.177316
v 0.000000 0.437049 -0.864397
v -0.119637 0.317412 -0.657558
v 0.000000 0.267856 -0.657558
v 0.000000 0.267856 -0.657558
v -0.119637 0.556687 -0.657558
v -0.169193 0.437049 -0.657558
v 0.169193 0.437049 -0.657558
v 0.119638 0.556687 -0.657558
v 0.119638 0.317412 -0.657558
v 0.000000 0.606242 -0.657558
v -0.049370 0.387679 -0.841891
v -0.049370 0.486419 -0.841891
v 0.069820 0.437049 -0.841891
v 0.000000 0.506869 -0.841891
v 0.000000 0.367229 -0.841891
v 0.000000 0.367229 -0.841891
v -0.069820 0.437049 -0.841891
v 0.049370 0.486419 -0.841891
v 0.049370 0.387679 -0.841891
v 0.000000 0.346723 -0.417437
v 0.000000 0.346723 -0.417437
v -0.090326 0.437049 -0.417437
v 0.063870 0.500919 -0.417437
v 0.063870 0.373179 -0.417437
v -0.063870 0.373179 -0.417437
v -0.063870 0.500919 -0.417437
v 0.090326 0.437049 -0.417437
v 0.000000 0.527375 -0.417437
v -0.094949 0.342100 -0.537497
v -0.094949 0.531998 -0.537497
v 0.134278 0.437049 -0.537497
v 0.000000 0.571327 -0.537497
v 0.000000 0.302771 -0.537497
v 0.000000 0.302771 -0.537497
v -0.134278 0.437049 -0.537497
v 0.094949 0.531998 -0.537497
v 0.094949 0.342101 -0.537497
v 0.000000 0.376327 -0.297376
v 0.000000 0.376327 -0.297376
v -0.060722 0.437049 -0.297376
v 0.042937 0.479986 -0.297376
v 0.042937 0.394112 -0.297376
v -0.042937 0.394112 -0.297376
v -0.042937 0.479986 -0.297376
v 0.060722 0.437049 -0.297376
v 0.000000 0.497771 -0.297376
v 0.000000 0.284823 -0.761484
v 0.000000 0.284823 -0.761484
v -0.152226 0.437049 -0.761484
v 0.107640 0.544689 -0.761484
v 0.107640 0.329409 -0.761484
v -0.107640 0.329409 -0.761484
v -0.107640 0.544689 -0.761484
v 0.152226 0.437049 -0.761484
v 0.000000 0.589275 -0.761484
vn 0.2731 0.6802 0.6802
vn 0.2731 -0.0000 0.9620
vn 0.4389 -0.0000 0.8985
vn 0.4389 0.6353 0.6354
vn 0.2331 0.9725 -0.0000
vn 0.2331 0.6876 0.6876
vn 0.3495 0.6621 0.6629
vn 0.3474 0.9377 -0.0000
vn 0.2331 -0.9725 -0.0000
vn 0.2331 -0.6876 -0.6876
vn 0.3474 -0.6630 -0.6631
vn 0.3474 -0.9377 -0.0000
vn 0.2331 -0.0000 0.9725
vn 0.2331 -0.6876 0.6876
vn 0.3495 -0.6622 0.6628
vn 0.3500 -0.0000 0.9367
vn 0.2331 0.0007 -0.9725
vn 0.2331 0.6876 -0.6876
vn 0.3474 0.6631 -0.6630
vn 0.3469 -0.0000 -0.9379
vn 0.2331 -0.0007 -0.9725
vn 0.3468 -0.0000 -0.9379
vn 0.2775 -0.6793 -0.6793
vn 0.2775 -0.0007 -0.9607
vn 0.7705 -0.0007 -0.6375
vn 0.7705 -0.4508 -0.4508
vn 0.2775 -0.6793 0.6793
vn 0.2775 -0.9607 -0.0000
vn 0.7705 -0.6375 -0.0000
vn 0.7705 -0.4508 0.4508
vn 0.2775 0.6793 0.6793
vn 0.2775 -0.0000 0.9607
vn 0.7705 -0.0000 0.6375
vn 0.7705 0.4508 0.4508
vn 0.2775 0.9607 -0.0000
vn 0.7705 0.6375 -0.0000
vn 0.2775 0.0008 -0.9607
vn 0.2775 0.6793 -0.6793
vn 0.7705 0.4508 -0.4508
vn 0.7705 0.0007 -0.6375
vn 1.0000 -0.0000 -0.0000
vn 0.2731 -0.6802 0.6802
vn 0.2731 -0.9620 -0.0000
vn 0.4389 -0.8985 -0.0000
vn 0.4389 -0.6354 0.6353
vn 0.2731 -0.6802 -0.6802
vn 0.2731 -0.0007 -0.9620
vn 0.4383 -0.0000 -0.8988
vn 0.4389 -0.6353 -0.6354
vn 0.2731 0.0008 -0.9620
vn 0.2731 0.6802 -0.6802
vn 0.4389 0.6354 -0.6353
vn 0.2731 0.9620 -0.0000
vn 0.4389 0.8985 -0.0000
vn -0.0046 -1.0000 0.0007
vn 0.3461 -0.9382 -0.0000
vn 0.3461 -0.6634 -0.6634
vn -0.0046 -0.7071 -0.7071
vn 0.3481 -0.6625 0.6632
vn -0.0046 0.7071 -0.7071
vn 0.3461 0.6634 -0.6634
vn 0.3461 0.9382 -0.0000
vn -0.0046 1.0000 0.0007
vn 0.3482 0.6625 0.6632
vn -0.0045 -0.0006 -1.0000
vn -0.1046 0.7029 0.7036
vn -0.0046 0.0006 -1.0000
vn -0.1052 -0.0000 0.9945
vn 0.3487 -0.0000 0.9372
vn -0.1046 -0.7029 0.7036
vn -0.4999 0.6124 0.6124
vn -0.4999 0.8661 -0.0000
vn -0.8046 0.5938 -0.0000
vn -0.8046 0.4199 0.4199
vn -1.0000 -0.0000 -0.0000
vn -0.4999 -0.0000 0.8661
vn -0.8046 -0.0000 0.5938
vn -0.5000 0.6124 -0.6124
vn -0.8046 0.4199 -0.4199
vn -0.4999 -0.6124 0.6124
vn -0.8046 -0.4199 0.4199
vn -0.4999 -0.8661 -0.0000
vn -0.8046 -0.5938 -0.0000
vn -0.4999 -0.6124 -0.6124
vn -0.8046 -0.4199 -0.4199
vn -0.4999 -0.0008 -0.8661
vn -0.8046 -0.0007 -0.5938
vn -0.4999 0.0008 -0.8661
vn -0.8046 0.0007 -0.5938
vn -0.2556 0.6836 -0.6836
vn -0.2556 0.9668 -0.0000
vn -0.2556 0.6836 0.6836
vn -0.2556 -0.0000 0.9668
vn -0.2556 -0.6836 0.6836
vn -0.2556 -0.9668 -0.0000
vn -0.2556 -0.6836 -0.6836
vn -0.2556 -0.0006 -0.9668
vn -0.2556 0.0006 -0.9668
vn -0.1025 0.7034 -0.7034
vn -0.1025 0.9947 -0.0000
vn -0.1025 -0.9947 -0.0000
vn -0.1025 -0.7034 -0.7034
vn -0.1025 0.0006 -0.9947
vn -0.1025 -0.0007 -0.9947
vn 0.4383 0.6356 -0.6356
vn 0.4383 0.8988 -0.0000
vn 0.4383 -0.0000 0.8988
vn 0.4383 -0.6356 0.6355
vn 0.4383 -0.8988 -0.0000
vn 0.4383 -0.6356 -0.6356
vn 0.4383 0.6355 0.6356
vn -0.2731 0.6802 0.6802
vn -0.4389 0.6354 0.6353
vn -0.4389 -0.0000 0.8985
vn -0.2731 -0.0000 0.9620
vn -0.2331 0.9725 -0.0000
vn -0.3474 0.9377 -0.0000
vn -0.3495 0.6622 0.6629
vn -0.2331 0.6876 0.6876
vn -0.2331 -0.9725 -0.0000
vn -0.3474 -0.9377 -0.0000
vn -0.3474 -0.6631 -0.6630
vn -0.2331 -0.6876 -0.6876
vn -0.2331 -0.0000 0.9725
vn -0.3500 -0.0000 0.9367
vn -0.3495 -0.6622 0.6629
vn -0.2331 -0.6876 0.6876
vn -0.2331 0.0007 -0.9725
vn -0.3468 -0.0000 -0.9379
vn -0.3474 0.6630 -0.6631
vn -0.2331 0.6876 -0.6876
vn -0.3469 -0.0000 -0.9379
vn -0.2330 -0.0007 -0.9725
vn -0.2775 -0.6793 -0.6793
vn -0.7705 -0.4508 -0.4508
vn -0.7705 -0.0007 -0.6375
vn -0.2775 -0.0007 -0.9607
vn -0.2775 -0.6793 0.6793
vn -0.7705 -0.4508 0.4508
vn -0.7705 -0.6375 -0.0000
vn -0.2775 -0.9607 -0.0000
vn -0.2775 0.6793 0.6793
vn -0.7705 0.4508 0.4508
vn -0.7705 -0.0000 0.6375
vn -0.2775 -0.0000 0.9607
vn -0.2775 0.9607 -0.0000
vn -0.7705 0.6375 -0.0000
vn -0.2775 0.0008 -0.9607
vn -0.7705 0.0007 -0.6375
vn -0.7705 0.4508 -0.4508
vn -0.2775 0.6793 -0.6793
vn -0.2731 -0.6802 0.6802
vn -0.4389 -0.6353 0.6354
vn -0.4389 -0.8985 -0.0000
vn -0.2731 -0.9620 -0.0000
vn -0.2731 -0.6802 -0.6802
vn -0.4389 -0.6354 -0.6353
vn -0.4383 -0.0000 -0.8988
vn -0.2731 -0.0007 -0.9620
vn -0.2731 0.0008 -0.9620
vn -0.4389 0.6353 -0.6354
vn -0.2731 0.6802 -0.6802
vn -0.2731 0.9620 -0.0000
vn -0.4389 0.8985 -0.0000
vn 0.0046 -1.0000 0.0007
vn 0.0046 -0.7071 -0.7071
vn -0.3461 -0.6634 -0.6634
vn -0.3461 -0.9382 -0.0000
vn -0.3481 -0.6625 0.6632
vn 0.0046 0.7071 -0.7071
vn 0.0046 1.0000 0.0007
vn -0.3461 0.9382 -0.0000
vn -0.3461 0.6634 -0.6634
vn -0.3482 0.6625 0.6632
vn 0.0046 -0.0006 -1.0000
vn 0.1046 0.7029 0.7036
vn 0.0045 0.0006 -1.0000
vn 0.1052 -0.0000 0.9945
vn 0.1046 -0.7029 0.7036
vn -0.3487 -0.0000 0.9372
vn 0.4999 0.6124 0.6124
vn 0.8046 0.4199 0.4199
vn 0.8046 0.5938 -0.0000
vn 0.4999 0.8661 -0.0000
vn 0.4999 -0.0000 0.8661
vn 0.8046 -0.0000 0.5938
vn 0.8046 0.4199 -0.4199
vn 0.5000 0.6124 -0.6124
vn 0.4999 -0.6124 0.6124
vn 0.8046 -0.4199 0.4199
vn 0.4999 -0.8661 -0.0000
vn 0.8046 -0.5938 -0.0000
vn 0.4999 -0.6124 -0.6124
vn 0.8046 -0.4199 -0.4199
vn 0.4999 -0.0008 -0.8661
vn 0.8046 -0.0007 -0.5938
vn 0.8046 0.0007 -0.5938
vn 0.4999 0.0008 -0.8661
vn 0.2556 0.6836 -0.6836
vn 0.2556 0.9668 -0.0000
vn 0.2556 0.6836 0.6836
vn 0.2556 -0.0000 0.9668
vn 0.2556 -0.6836 0.6836
vn 0.2556 -0.9668 -0.0000
vn 0.2556 -0.6836 -0.6836
vn 0.2556 -0.0006 -0.9668
vn 0.2556 0.0006 -0.9668
vn 0.1025 0.7034 -0.7034
vn 0.1025 0.9947 -0.0000
vn 0.1025 -0.9947 -0.0000
vn 0.1025 -0.7034 -0.7034
vn 0.1026 0.0006 -0.9947
vn 0.1025 -0.0007 -0.9947
vn -0.4383 0.6356 -0.6355
vn -0.4383 0.8988 -0.0000
vn -0.4383 -0.0000 0.8988
vn -0.4383 -0.6356 0.6356
vn -0.4383 -0.8988 -0.0000
vn -0.4383 -0.6355 -0.6356
vn -0.4383 0.6355 0.6356
vn 0.7248 0.0819 0.6841
vn 0.5415 0.2305 0.8085
vn -0.1142 -0.6194 0.7767
vn -0.1791 -0.3446 0.9215
vn 0.2861 -0.5410 0.7909
vn 0.5857 -0.3831 0.7143
vn -0.0775 0.5703 0.8177
vn 0.0318 0.6321 0.7743
vn -0.0000 -0.5595 0.8288
vn -0.0000 0.6513 0.7588
vn 0.3408 0.4059 0.8480
vn 0.0008 0.4640 0.8858
vn -0.0000 -0.6258 0.7800
vn -0.0257 -0.6240 0.7810
vn 0.6280 -0.6163 -0.4752
vn 0.5621 -0.5000 -0.6588
vn 0.8092 -0.1261 -0.5738
vn 0.8578 -0.1905 -0.4774
vn 0.2909 -0.6815 -0.6715
vn 0.3144 -0.8718 -0.3756
vn 0.8352 0.3542 -0.4207
vn 0.7760 0.6306 0.0144
vn 0.8181 0.5744 -0.0268
vn 0.7441 -0.1153 0.6581
vn 0.9695 -0.2288 0.0876
vn 0.9487 -0.2204 -0.2265
vn 0.7218 -0.6789 0.1346
vn 0.7142 -0.6788 -0.1706
vn 0.7508 -0.0657 -0.6573
vn 0.5714 -0.0271 -0.8202
vn 0.5984 0.3351 -0.7278
vn 0.7769 0.3222 -0.5409
vn 0.5881 0.7007 -0.4039
vn 0.4990 0.6473 -0.5763
vn 0.6183 0.7407 -0.2629
vn -0.2673 0.1851 0.9457
vn -0.7490 0.3460 0.5650
vn -0.4932 0.7581 0.4266
vn 0.0006 -0.7195 -0.6945
vn 0.0006 -0.5936 -0.8047
vn 0.2445 -0.5662 -0.7871
vn 0.2554 -0.9616 0.1001
vn 0.3106 0.9258 -0.2155
vn 0.4596 0.8880 -0.0152
vn 0.6445 0.7165 0.2669
vn 0.2651 0.9056 -0.3311
vn 0.0006 0.9431 -0.3324
vn 0.0006 0.9739 -0.2270
vn 0.4680 0.8835 0.0215
vn 0.0006 0.9852 -0.1716
vn 0.0007 0.9984 0.0571
vn 0.6233 0.7740 -0.1117
vn 0.4845 0.8589 0.1662
vn 0.2107 -0.4069 -0.8889
vn 0.2715 -0.0338 -0.9619
vn 0.4636 -0.3169 -0.8274
vn -0.0000 -0.0509 -0.9987
vn 0.0001 0.4983 -0.8670
vn 0.2827 0.4457 -0.8494
vn -0.0000 0.8318 -0.5550
vn 0.2405 0.7829 -0.5738
vn -0.0000 -0.4414 -0.8973
vn 0.5399 -0.4023 -0.7394
vn 0.0006 0.9461 0.3238
vn 0.3791 -0.9232 -0.0625
vn 0.7536 0.6554 -0.0504
vn -0.0000 -0.9971 0.0767
vn 0.0007 -0.8699 -0.4932
vn -0.0000 -0.9528 0.3037
vn 0.2290 -0.9519 0.2037
vn 0.3527 -0.9356 -0.0180
vn 0.3049 -0.8977 -0.3182
vn -0.3049 -0.8977 -0.3182
vn -0.3144 -0.8718 -0.3756
vn -0.0007 -0.8699 -0.4932
vn -0.0005 -0.8849 -0.4658
vn 0.6471 0.4040 0.6466
vn -0.0000 0.3531 0.9356
vn 0.2903 0.6517 0.7008
vn 0.5178 0.6810 0.5178
vn 0.6448 0.4091 -0.6457
vn 0.9142 0.4052 -0.0012
vn 0.7323 0.6810 -0.0000
vn 0.5178 0.6810 -0.5178
vn -0.6838 -0.4294 0.5900
vn -0.4658 -0.7944 0.3899
vn -0.1425 0.9188 0.3682
vn -0.0000 0.9366 0.3504
vn -0.0002 -0.9334 0.3588
vn -0.2576 -0.9009 0.3494
vn 0.0005 0.4101 -0.9120
vn 0.0006 0.6810 -0.7323
vn -0.6564 0.0630 -0.7518
vn 0.0003 0.0943 -0.9955
vn 0.9989 -0.0403 -0.0222
vn 0.6564 0.0630 -0.7518
vn -0.0001 0.0226 0.9997
vn 0.6563 -0.0106 0.7544
vn 0.5600 0.5938 -0.5778
vn 0.0007 0.6095 -0.7928
vn -0.0002 0.0930 -0.9957
vn 0.6565 0.0616 -0.7518
vn 0.8080 0.5892 0.0040
vn 0.9989 -0.0410 -0.0224
vn 0.5591 0.5923 0.5801
vn 0.6563 -0.0107 0.7544
vn -0.0000 0.6115 0.7912
vn 0.0001 0.0213 0.9998
vn 0.6883 0.2109 0.6941
vn -0.0000 0.2217 0.9751
vn 0.9783 0.2072 -0.0001
vn 0.6888 0.2174 -0.6916
vn 0.0007 0.2283 -0.9736
vn 0.1386 0.5545 0.8206
vn -0.0996 0.9892 0.1074
vn 0.0524 0.8677 -0.4944
vn 0.2736 0.6560 -0.7034
vn 0.5497 0.6774 -0.4889
vn 0.8106 0.5801 -0.0805
vn 0.8143 0.5355 0.2241
vn 0.5102 0.4134 0.7542
vn -0.7249 0.0819 0.6840
vn 0.1791 -0.3446 0.9215
vn 0.1142 -0.6194 0.7767
vn -0.5415 0.2305 0.8085
vn -0.2861 -0.5410 0.7909
vn -0.0318 0.6321 0.7743
vn 0.0775 0.5703 0.8177
vn -0.5857 -0.3831 0.7143
vn -0.3408 0.4059 0.8480
vn 0.0257 -0.6241 0.7809
vn -0.0008 0.4640 0.8858
vn -0.6280 -0.6163 -0.4752
vn -0.8578 -0.1905 -0.4774
vn -0.8092 -0.1261 -0.5738
vn -0.5621 -0.5000 -0.6588
vn -0.2906 -0.6815 -0.6716
vn -0.8352 0.3542 -0.4207
vn -0.7760 0.6306 0.0144
vn -0.8181 0.5744 -0.0268
vn -0.9695 -0.2288 0.0876
vn -0.7441 -0.1153 0.6581
vn -0.9487 -0.2204 -0.2265
vn -0.7142 -0.6788 -0.1706
vn -0.7218 -0.6789 0.1346
vn -0.7508 -0.0657 -0.6573
vn -0.7769 0.3222 -0.5409
vn -0.5984 0.3351 -0.7278
vn -0.5714 -0.0271 -0.8202
vn -0.5881 0.7007 -0.4039
vn -0.4990 0.6473 -0.5763
vn -0.6183 0.7407 -0.2629
vn 0.4932 0.7581 0.4266
vn 0.7490 0.3460 0.5650
vn 0.2673 0.1851 0.9457
vn -0.0006 -0.7195 -0.6945
vn -0.2445 -0.5662 -0.7871
vn -0.0006 -0.5936 -0.8047
vn -0.2554 -0.9616 0.1001
vn -0.6445 0.7165 0.2669
vn -0.4596 0.8880 -0.0152
vn -0.3106 0.9258 -0.2155
vn -0.0006 0.9739 -0.2270
vn -0.0006 0.9431 -0.3324
vn -0.2651 0.9056 -0.3311
vn -0.4680 0.8835 0.0215
vn -0.0007 0.9984 0.0570
vn -0.0006 0.9852 -0.1716
vn -0.6232 0.7740 -0.1117
vn -0.4845 0.8589 0.1662
vn -0.2107 -0.4069 -0.8889
vn -0.4636 -0.3169 -0.8274
vn -0.2715 -0.0338 -0.9619
vn -0.2827 0.4457 -0.8494
vn -0.0001 0.4983 -0.8670
vn -0.2405 0.7829 -0.5738
vn -0.5399 -0.4023 -0.7394
vn -0.0006 0.9461 0.3238
vn -0.3791 -0.9232 -0.0625
vn -0.7536 0.6554 -0.0504
vn -0.2290 -0.9519 0.2037
vn -0.3527 -0.9356 -0.0180
vn -0.0002 0.0943 -0.9955
vn 0.0005 -0.8849 -0.4658
vn -0.6471 0.4040 0.6466
vn -0.5178 0.6810 0.5178
vn -0.2903 0.6517 0.7008
vn -0.6448 0.4091 -0.6457
vn -0.5178 0.6810 -0.5178
vn -0.7323 0.6810 -0.0000
vn -0.9142 0.4052 -0.0012
vn 0.6838 -0.4294 0.5900
vn 0.4658 -0.7944 0.3899
vn 0.1424 0.9188 0.3681
vn 0.2576 -0.9009 0.3494
vn 0.0001 -0.9334 0.3588
vn -0.0005 0.4101 -0.9120
vn -0.0006 0.6809 -0.7324
vn -0.6564 -0.0106 0.7544
vn -0.9989 -0.0403 -0.0223
vn -0.5600 0.5938 -0.5778
vn -0.6565 0.0616 -0.7518
vn 0.0002 0.0930 -0.9957
vn -0.0007 0.6095 -0.7928
vn -0.8080 0.5892 0.0040
vn -0.9989 -0.0410 -0.0222
vn -0.5591 0.5923 0.5801
vn -0.6563 -0.0107 0.7545
vn -0.6883 0.2109 0.6941
vn -0.9783 0.2072 -0.0001
vn -0.6888 0.2174 -0.6916
vn -0.0007 0.2283 -0.9736
vn -0.1386 0.5544 0.8206
vn 0.0996 0.9892 0.1074
vn -0.0524 0.8676 -0.4944
vn -0.2736 0.6560 -0.7034
vn -0.5499 0.6772 -0.4889
vn -0.8106 0.5801 -0.0805
vn -0.8144 0.5354 0.2239
vn -0.5102 0.4134 0.7542
vn 0.7183 0.0629 0.6929
vn 0.3980 0.3203 0.8597
vn 0.2663 -0.1178 0.9567
vn 0.2009 -0.0741 0.9768
vn 0.7533 -0.0630 0.6547
vn 0.9693 -0.0998 -0.2246
vn 0.8838 0.4498 -0.1290
vn -0.4526 0.7657 -0.4569
vn -0.5467 0.6483 -0.5299
vn -0.7309 0.6303 0.2618
vn -0.4230 0.8677 0.2610
vn 0.5949 0.1194 -0.7949
vn 0.5618 0.4129 -0.7168
vn 0.2554 0.0372 0.9661
vn 0.3334 0.9338 0.1296
vn 0.0993 0.7174 -0.6895
vn -0.0821 0.3399 0.9369
vn -0.0824 0.3243 0.9424
vn -0.7205 0.6367 0.2746
vn 0.1710 0.4316 0.8857
vn 0.5964 -0.0232 -0.8024
vn -0.0039 0.3469 -0.9379
vn 0.0022 0.4405 -0.8978
vn 0.9473 -0.2618 -0.1844
vn 0.4587 0.0117 0.8885
vn 0.3613 -0.1159 0.9252
vn -0.5729 0.6123 -0.5448
vn 0.8406 -0.0608 0.5382
vn 0.5989 0.2908 0.7462
vn 0.4166 0.1641 0.8942
vn 0.5011 0.2089 0.8398
vn 0.3554 0.0357 0.9340
vn 0.5300 0.1922 0.8259
vn 0.6701 0.6448 0.3677
vn 0.5674 0.3036 0.7654
vn -0.0000 0.6120 0.7908
vn -0.0000 0.9499 0.3125
vn 0.9249 -0.0544 0.3762
vn 0.7747 -0.1758 0.6074
vn 0.5837 -0.7161 0.3828
vn 0.4076 -0.8353 0.3690
vn -0.0000 -0.9426 0.3339
vn -0.0000 -0.9724 0.2335
vn -0.0000 0.0228 0.9997
vn 0.6451 0.0228 0.7638
vn 0.5274 0.6243 0.5763
vn -0.0000 0.7515 0.6598
vn -0.0000 -0.6319 0.7751
vn 0.5086 -0.5397 0.6708
vn 0.7349 0.1482 0.6618
vn 0.5908 0.3714 0.7163
vn 0.3828 0.4367 0.8141
vn 0.5671 0.3032 0.7658
vn -0.0000 0.4481 0.8940
vn 0.3905 0.6139 0.6860
vn -0.0000 0.6236 0.7817
vn 0.5908 -0.6166 0.5203
vn 0.7749 -0.2380 0.5856
vn 0.7738 -0.1757 0.6085
vn 0.4069 -0.8354 0.3694
vn 0.6677 0.3273 -0.6686
vn 0.9443 0.3290 0.0008
vn 0.9992 -0.0412 -0.0000
vn 0.7097 -0.0415 -0.7033
vn 0.6682 0.3279 0.6678
vn 0.7096 -0.0413 0.7034
vn 0.0006 0.3269 -0.9451
vn 0.0007 -0.0268 -0.9996
vn -0.0000 0.3281 0.9447
vn -0.0000 -0.0264 0.9997
vn -0.0000 -0.7060 0.7082
vn 0.5307 -0.6364 0.5598
vn 0.5307 -0.6363 -0.5598
vn 0.0008 -0.7060 -0.7082
vn 0.6317 -0.7752 -0.0000
vn -0.0000 -1.0000 -0.0000
vn 0.6576 0.5056 0.5585
vn 0.8382 0.2010 0.5069
vn 0.8878 -0.1497 0.4352
vn 0.7365 -0.5969 0.3182
vn 0.2866 -0.9320 0.2218
vn -0.0000 -0.9780 0.2084
vn -0.7183 0.0629 0.6929
vn -0.2009 -0.0741 0.9768
vn -0.2663 -0.1178 0.9567
vn -0.3980 0.3203 0.8597
vn -0.7533 -0.0630 0.6547
vn -0.8838 0.4498 -0.1290
vn -0.9693 -0.0998 -0.2246
vn 0.4526 0.7657 -0.4569
vn 0.4230 0.8677 0.2610
vn 0.7309 0.6303 0.2618
vn 0.5467 0.6483 -0.5299
vn -0.5618 0.4129 -0.7168
vn -0.5949 0.1194 -0.7949
vn -0.2554 0.0372 0.9661
vn -0.3334 0.9338 0.1296
vn -0.0993 0.7174 -0.6895
vn 0.0824 0.3243 0.9424
vn 0.0821 0.3399 0.9369
vn 0.7205 0.6367 0.2746
vn -0.1710 0.4316 0.8857
vn -0.5964 -0.0232 -0.8024
vn -0.0022 0.4405 -0.8978
vn 0.0039 0.3469 -0.9379
vn -0.9477 -0.2614 -0.1831
vn -0.3613 -0.1158 0.9252
vn -0.4587 0.0117 0.8885
vn 0.5729 0.6123 -0.5448
vn -0.8406 -0.0608 0.5382
vn -0.5989 0.2908 0.7462
vn -0.5011 0.2089 0.8398
vn -0.4166 0.1641 0.8942
vn -0.3554 0.0357 0.9340
vn -0.5300 0.1922 0.8259
vn -0.6701 0.6448 0.3677
vn -0.5677 0.3033 0.7653
vn -0.9249 -0.0544 0.3762
vn -0.7747 -0.1758 0.6074
vn -0.5837 -0.7161 0.3828
vn -0.4076 -0.8353 0.3690
vn -0.5274 0.6243 0.5763
vn -0.6451 0.0228 0.7638
vn -0.5086 -0.5397 0.6708
vn -0.7349 0.1482 0.6618
vn -0.5670 0.3031 0.7659
vn -0.3828 0.4367 0.8141
vn -0.5907 0.3714 0.7164
vn -0.3904 0.6139 0.6861
vn -0.5909 -0.6166 0.5203
vn -0.4070 -0.8354 0.3694
vn -0.7738 -0.1757 0.6085
vn -0.7749 -0.2380 0.5856
vn -0.6677 0.3273 -0.6686
vn -0.7097 -0.0415 -0.7033
vn -0.9992 -0.0412 -0.0000
vn -0.9446 0.3282 0.0001
vn -0.7096 -0.0413 0.7034
vn -0.6682 0.3279 0.6678
vn -0.0006 0.3269 -0.9450
vn -0.0007 -0.0268 -0.9996
vn -0.5307 -0.6364 0.5598
vn -0.0008 -0.7060 -0.7082
vn -0.5307 -0.6363 -0.5598
vn -0.6317 -0.7752 -0.0000
vn -0.6576 0.5056 0.5585
vn -0.8382 0.2011 0.5069
vn -0.8878 -0.1497 0.4352
vn -0.7365 -0.5969 0.3182
vn -0.2866 -0.9320 0.2218
vn 0.0008 -0.1810 -0.9835
vn 0.6685 -0.1810 -0.7214
vn 0.4738 -0.7232 -0.5025
vn 0.0008 -0.7904 -0.6125
vn -0.0006 -1.0000 -0.0028
vn -0.0006 -0.9943 0.1065
vn -0.5659 -0.7966 0.2124
vn -0.5621 -0.8271 -0.0034
vn 0.9536 -0.1901 -0.2335
vn 0.5710 -0.8043 -0.1644
vn -0.9536 -0.1901 -0.2335
vn -0.6685 -0.1810 -0.7214
vn -0.4738 -0.7232 -0.5026
vn -0.5710 -0.8043 -0.1645
vn -0.0000 0.7516 0.6596
vn -0.5311 0.6672 0.5223
vn -0.5480 0.3712 0.7496
vn -0.0000 0.4064 0.9137
vn -0.0007 -0.1811 -0.9835
vn -0.0007 -0.7904 -0.6126
vn -0.0000 -0.0936 0.9956
vn -0.5748 -0.1134 0.8104
vn -0.4196 -0.6832 0.5977
vn -0.0000 -0.7428 0.6695
vn -0.9311 -0.1592 0.3281
vn 0.9311 -0.1592 0.3281
vn 0.5748 -0.1134 0.8104
vn 0.4196 -0.6832 0.5977
vn 0.5659 -0.7966 0.2124
vn 0.5311 0.6673 0.5222
vn 0.5480 0.3712 0.7496
vn -0.9783 -0.2066 0.0146
vn 0.9357 0.2965 0.1912
vn 0.8930 0.2655 0.3634
vn 0.9783 -0.2066 0.0146
vn -0.0006 -0.9964 -0.0842
vn 0.5621 -0.8271 -0.0034
vn 0.0006 -0.9943 0.1065
vn 0.0006 -1.0000 -0.0028
vn 0.0006 -0.9964 -0.0842
vn -0.9357 0.2965 0.1912
vn -0.8930 0.2655 0.3634
vn -0.6526 -0.2949 -0.6980
vn -0.0006 -0.2460 -0.9693
vn -0.9550 -0.2952 -0.0276
vn 0.6526 -0.2948 -0.6980
vn 0.9550 -0.2952 -0.0276
vn 0.0007 -0.2464 -0.9692
vn -0.7520 0.0268 0.6586
vn 0.7520 0.0268 0.6586
vn -0.0000 0.2876 0.9578
vn -0.6697 0.3303 -0.6651
vn -0.0006 0.3326 -0.9431
vn -0.0007 0.1472 -0.9891
vn -0.7041 0.1434 -0.6954
vn 0.7039 0.1435 -0.6956
vn 0.9994 -0.0324 0.0154
vn 0.6250 0.4463 -0.6405
vn 0.6701 0.3301 -0.6649
vn 0.9435 0.3315 -0.0002
vn 0.9895 0.1446 0.0041
vn 0.8802 0.4738 0.0273
vn 0.6667 0.3408 0.6628
vn -0.0001 0.3468 0.9379
vn -0.0001 0.1702 0.9854
vn 0.6974 0.1611 0.6984
vn -0.0001 0.0018 1.0000
vn 0.7015 -0.0103 0.7126
vn -0.0000 0.4650 0.8853
vn 0.6057 0.4685 0.6431
vn -0.6669 0.3412 0.6624
vn -0.9434 0.3316 -0.0001
vn -0.9895 0.1448 0.0037
vn -0.6971 0.1607 0.6987
vn -0.9994 -0.0324 0.0153
vn -0.7015 -0.0103 0.7126
vn -0.8802 0.4738 0.0273
vn -0.6057 0.4686 0.6431
vn -0.6249 0.4463 -0.6405
vn 0.0007 0.3325 -0.9431
vn 0.0006 0.1473 -0.9891
vn -0.0000 0.4234 -0.9059
vn 0.6431 0.4322 -0.6322
vn 0.6956 -0.2569 -0.6710
vn 0.0007 -0.2057 -0.9786
vn 0.0007 0.4120 -0.9112
vn 0.6402 0.4396 0.6300
vn 0.6982 -0.2584 0.6676
vn 0.9575 -0.2882 -0.0144
vn 0.8941 0.4479 -0.0043
vn -0.6402 0.4395 0.6300
vn -0.6982 -0.2584 0.6676
vn -0.0001 -0.2265 0.9740
vn 0.0001 0.4309 0.9024
vn -0.6438 0.4317 -0.6318
vn -0.6956 -0.2569 -0.6710
vn -0.9575 -0.2881 -0.0144
vn -0.8940 0.4481 -0.0044
vn -0.0007 0.4120 -0.9112
vn -0.0008 -0.2057 -0.9786
vn -0.8799 0.4744 0.0273
vn -0.6247 0.4469 -0.6403
vn -0.6054 0.4692 0.6429
vn -0.0000 0.4656 0.8850
vn 0.6055 0.4692 0.6429
vn 0.6247 0.4470 -0.6403
vn -0.0008 -0.1811 -0.9835
vn -0.0008 -0.7905 -0.6125
vn -0.4738 -0.7232 -0.5025
vn -0.5710 -0.8043 -0.1644
vn 0.5710 -0.8043 -0.1645
vn 0.4738 -0.7232 -0.5026
vn 0.5311 0.6672 0.5223
vn 0.0007 -0.7904 -0.6126
vn 0.0007 -0.1811 -0.9835
vn -0.5660 -0.7966 0.2124
vn -0.5311 0.6673 0.5222
vn 0.6526 -0.2949 -0.6980
vn 0.0006 -0.2460 -0.9693
vn -0.6526 -0.2948 -0.6980
vn -0.0006 -0.2459 -0.9693
vn 0.7041 0.1434 -0.6954
vn 0.0007 0.1473 -0.9891
vn 0.0006 0.3325 -0.9431
vn -0.7039 0.1435 -0.6956
vn -0.6250 0.4463 -0.6405
vn -0.9994 -0.0324 0.0154
vn -0.6700 0.3300 -0.6650
vn -0.9895 0.1446 0.0041
vn -0.9435 0.3315 -0.0002
vn -0.6667 0.3408 0.6628
vn -0.6974 0.1611 0.6984
vn 0.0001 0.1702 0.9854
vn 0.0001 0.3468 0.9379
vn 0.0001 0.0018 1.0000
vn -0.6057 0.4685 0.6431
vn 0.6671 0.3414 0.6622
vn 0.6970 0.1606 0.6988
vn 0.9895 0.1448 0.0037
vn 0.9434 0.3316 -0.0001
vn 0.9994 -0.0324 0.0153
vn 0.6057 0.4686 0.6431
vn 0.6249 0.4463 -0.6405
vn -0.0007 0.3325 -0.9431
vn -0.0006 0.1472 -0.9891
vn -0.6431 0.4321 -0.6322
vn -0.0007 -0.2057 -0.9786
vn -0.6402 0.4396 0.6300
vn -0.8941 0.4479 -0.0044
vn -0.9575 -0.2882 -0.0144
vn 0.6402 0.4395 0.6300
vn -0.0001 0.4309 0.9024
vn 0.0001 -0.2265 0.9740
vn 0.8940 0.4480 -0.0045
vn 0.0008 -0.2057 -0.9786
vn 0.6247 0.4469 -0.6403
vn 0.8799 0.4744 0.0273
vn 0.6055 0.4692 0.6428
vn -0.6247 0.4470 -0.6403
vn -0.0007 -0.5555 -0.8315
vn -0.3928 -0.3928 -0.8315
vn -0.0000 -0.0000 -1.0000
vn -0.5555 -0.0000 -0.8315
vn -0.3928 0.3928 -0.8315
vn 0.3928 0.3928 -0.8315
vn 0.5555 -0.0000 -0.8315
vn 0.3928 -0.3928 -0.8315
vn 0.0008 -0.5555 -0.8315
vn -0.0000 0.5555 -0.8315
vn 0.9510 -0.0000 0.3093
vn 0.6724 -0.6724 0.3093
vn 0.7059 -0.7059 0.0575
vn 0.9983 -0.0000 0.0575
vn -0.0000 0.9510 0.3093
vn 0.6725 0.6724 0.3093
vn 0.7059 0.7059 0.0575
vn -0.0000 0.9983 0.0575
vn -0.6724 0.6725 0.3093
vn -0.7059 0.7059 0.0575
vn -0.6725 -0.6724 0.3093
vn -0.9510 -0.0000 0.3093
vn -0.9983 -0.0000 0.0575
vn -0.7059 -0.7059 0.0575
vn 0.0007 -0.9510 0.3092
vn 0.0007 -0.9983 0.0575
vn 0.9015 -0.0000 -0.4328
vn 0.6374 -0.6374 -0.4328
vn -0.0000 0.9015 -0.4328
vn 0.6374 0.6374 -0.4329
vn -0.6374 0.6374 -0.4328
vn -0.6374 -0.6374 -0.4328
vn -0.9015 -0.0000 -0.4328
vn 0.0007 -0.9015 -0.4328
vn -0.0008 -0.9015 -0.4328
vn -0.0006 -0.9510 0.3093
vn -0.0006 -0.9983 0.0576
vn -0.0006 -0.9863 0.1647
vn -0.6975 -0.6974 0.1647
vn -0.6755 -0.6755 0.2958
vn -0.0006 -0.9553 0.2958
vn -0.9863 -0.0000 0.1647
vn -0.6974 0.6975 0.1647
vn -0.6755 0.6755 0.2958
vn -0.9552 -0.0000 0.2958
vn 0.6975 0.6974 0.1647
vn 0.9863 -0.0000 0.1647
vn 0.9552 -0.0000 0.2958
vn 0.6755 0.6755 0.2958
vn 0.6974 -0.6975 0.1647
vn 0.0006 -0.9863 0.1647
vn 0.0007 -0.9553 0.2958
vn 0.6755 -0.6755 0.2958
vn -0.0000 0.9863 0.1647
vn -0.0000 0.9552 0.2958
vn 0.9966 -0.0000 0.0827
vn 0.7047 -0.7047 0.0827
vn -0.0000 0.9966 0.0827
vn 0.7047 0.7047 0.0827
vn -0.7047 0.7047 0.0827
vn -0.7047 -0.7047 0.0827
vn -0.9966 -0.0000 0.0827
vn 0.0007 -0.9966 0.0827
vn -0.0006 -0.9966 0.0827
vt 0.897680 0.813550
vt 0.896940 0.790620
vt 0.913210 0.790330
vt 0.913790 0.812420
vt 0.851170 0.073900
vt 0.840710 0.102530
vt 0.825730 0.106360
vt 0.833930 0.075180
vt 0.863340 0.177170
vt 0.883220 0.195080
vt 0.869570 0.203060
vt 0.851720 0.185030
vt 0.840050 0.130550
vt 0.848180 0.155850
vt 0.836470 0.163110
vt 0.826960 0.136450
vt 0.899120 0.026290
vt 0.871230 0.046610
vt 0.850840 0.044730
vt 0.872950 0.013270
vt 0.902170 0.213220
vt 0.886230 0.221740
vt 0.875440 0.259670
vt 0.899780 0.263150
vt 0.891830 0.281460
vt 0.877960 0.275650
vt 0.839890 0.282660
vt 0.853980 0.266940
vt 0.863690 0.278560
vt 0.853540 0.287720
vt 0.843240 0.320880
vt 0.836170 0.302510
vt 0.850110 0.300230
vt 0.854190 0.312260
vt 0.858640 0.332910
vt 0.864460 0.320160
vt 0.898960 0.333010
vt 0.878400 0.336280
vt 0.878030 0.321820
vt 0.891840 0.317100
vt 0.871590 0.300320
vt 0.897370 0.767820
vt 0.899340 0.744540
vt 0.914740 0.746940
vt 0.913480 0.768490
vt 0.903110 0.720430
vt 0.915240 0.698410
vt 0.924880 0.705310
vt 0.917620 0.725940
vt 0.912030 0.889160
vt 0.902990 0.862210
vt 0.918250 0.857980
vt 0.924880 0.882240
vt 0.899680 0.837170
vt 0.915300 0.834850
vt 0.848180 0.744290
vt 0.830690 0.741900
vt 0.831990 0.717330
vt 0.850110 0.718680
vt 0.829840 0.766530
vt 0.849590 0.862750
vt 0.831550 0.863780
vt 0.830570 0.839560
vt 0.848360 0.837450
vt 0.829750 0.815140
vt 0.833420 0.692620
vt 0.850740 0.693560
vt 0.862640 0.813440
vt 0.849290 0.887250
vt 0.832420 0.887800
vt 0.861400 0.791130
vt 0.829540 0.790850
vt 0.862190 0.768730
vt 0.872170 0.104620
vt 0.882780 0.086910
vt 0.892700 0.096860
vt 0.884170 0.108850
vt 0.905160 0.127500
vt 0.869510 0.124090
vt 0.881510 0.123200
vt 0.901140 0.075720
vt 0.906250 0.092010
vt 0.874530 0.142500
vt 0.884980 0.137160
vt 0.886310 0.157710
vt 0.894070 0.148490
vt 0.903130 0.168190
vt 0.907310 0.155450
vt 0.923750 0.171170
vt 0.922840 0.156060
vt 0.923750 0.081260
vt 0.921930 0.097550
vt 0.888190 0.058140
vt 0.867570 0.078020
vt 0.856260 0.102210
vt 0.854360 0.126750
vt 0.861100 0.149350
vt 0.875220 0.168390
vt 0.894880 0.183410
vt 0.916150 0.194880
vt 0.916700 0.051930
vt 0.868370 0.863220
vt 0.866710 0.838020
vt 0.866470 0.744630
vt 0.868820 0.719320
vt 0.866600 0.886630
vt 0.868850 0.694740
vt 0.877130 0.347120
vt 0.854160 0.342540
vt 0.825730 0.305000
vt 0.829150 0.279890
vt 0.845300 0.259210
vt 0.870600 0.248290
vt 0.900360 0.344270
vt 0.835200 0.327760
vt 0.900360 0.248280
vt 0.265050 0.194420
vt 0.296530 0.144780
vt 0.311890 0.152950
vt 0.281630 0.200370
vt 0.233490 0.352640
vt 0.233590 0.302480
vt 0.249830 0.307740
vt 0.248330 0.355550
vt 0.238230 0.399900
vt 0.251270 0.399900
vt 0.323040 0.100130
vt 0.361670 0.070160
vt 0.370240 0.081810
vt 0.336580 0.113040
vt 0.132070 0.253500
vt 0.099030 0.225400
vt 0.125380 0.185570
vt 0.149770 0.209170
vt 0.070360 0.256080
vt 0.111380 0.290550
vt 0.147600 0.141620
vt 0.176520 0.155260
vt 0.240640 0.182720
vt 0.244060 0.247240
vt 0.216080 0.238060
vt 0.181960 0.225920
vt 0.208770 0.287450
vt 0.173230 0.270700
vt 0.103490 0.158680
vt 0.075060 0.133080
vt 0.089260 0.109240
vt 0.119640 0.126370
vt 0.126820 0.094140
vt 0.099970 0.089420
vt 0.156960 0.098490
vt 0.261270 0.253750
vt 0.279580 0.264740
vt 0.270210 0.310680
vt 0.032110 0.266850
vt 0.015020 0.205470
vt 0.049090 0.204760
vt 0.207530 0.339480
vt 0.157790 0.054250
vt 0.199580 0.047740
vt 0.188090 0.098570
vt 0.120490 0.060690
vt 0.102390 0.029040
vt 0.144990 0.017570
vt 0.249780 0.045330
vt 0.201300 0.013270
vt 0.254610 0.018840
vt 0.269420 0.136900
vt 0.291950 0.081440
vt 0.040780 0.152600
vt 0.049170 0.114750
vt 0.064820 0.158720
vt 0.025870 0.098000
vt 0.044970 0.069270
vt 0.064950 0.088730
vt 0.068270 0.048130
vt 0.087230 0.069280
vt 0.013270 0.145070
vt 0.081200 0.188750
vt 0.311200 0.037140
vt 0.171090 0.302710
vt 0.202010 0.183740
vt 0.216630 0.399900
vt 0.054390 0.313310
vt 0.200140 0.399900
vt 0.190300 0.354700
vt 0.159730 0.323370
vt 0.112480 0.314780
vt 0.112470 0.485020
vt 0.111360 0.509250
vt 0.054390 0.486480
vt 0.069810 0.467030
vt 0.558170 0.268100
vt 0.562670 0.205460
vt 0.593980 0.216890
vt 0.585080 0.278070
vt 0.472240 0.356810
vt 0.523060 0.321860
vt 0.542390 0.341950
vt 0.482530 0.382590
vt 0.299740 0.209390
vt 0.329020 0.168900
vt 0.270470 0.356880
vt 0.272760 0.399900
vt 0.381510 0.096940
vt 0.355640 0.133020
vt 0.416030 0.367410
vt 0.415250 0.397640
vt 0.112650 0.467530
vt 0.076340 0.456590
vt 0.152040 0.338080
vt 0.112650 0.332260
vt 0.185740 0.399900
vt 0.176480 0.365970
vt 0.453440 0.316750
vt 0.408050 0.326290
vt 0.409610 0.299420
vt 0.439730 0.291730
vt 0.489010 0.288760
vt 0.467200 0.269740
vt 0.513700 0.251160
vt 0.484840 0.239710
vt 0.518500 0.205440
vt 0.489380 0.205460
vt 0.536840 0.259550
vt 0.541120 0.205450
vt 0.507710 0.305740
vt 0.463660 0.337040
vt 0.410600 0.348890
vt 0.197560 0.139590
vt 0.211310 0.168090
vt 0.231970 0.158160
vt 0.245780 0.124130
vt 0.269300 0.094700
vt 0.249850 0.070800
vt 0.218000 0.066260
vt 0.208080 0.102470
vt 0.265050 0.605370
vt 0.281620 0.599430
vt 0.311870 0.646830
vt 0.296520 0.655010
vt 0.233490 0.447160
vt 0.248330 0.444250
vt 0.249830 0.492050
vt 0.233580 0.497300
vt 0.323030 0.699660
vt 0.336580 0.686740
vt 0.370240 0.717990
vt 0.361670 0.729630
vt 0.132050 0.546290
vt 0.149770 0.590610
vt 0.125380 0.614220
vt 0.099020 0.574400
vt 0.070350 0.543710
vt 0.147590 0.658170
vt 0.176520 0.644480
vt 0.240640 0.617060
vt 0.216060 0.561720
vt 0.244050 0.552540
vt 0.181940 0.573850
vt 0.173220 0.529070
vt 0.208770 0.512350
vt 0.103500 0.641100
vt 0.119640 0.673420
vt 0.089260 0.690550
vt 0.075060 0.666710
vt 0.126830 0.705640
vt 0.099980 0.710360
vt 0.156970 0.701290
vt 0.270210 0.489110
vt 0.279580 0.535050
vt 0.261270 0.546040
vt 0.032120 0.532940
vt 0.049080 0.595060
vt 0.015020 0.594330
vt 0.207530 0.460320
vt 0.188080 0.701200
vt 0.199560 0.752040
vt 0.157780 0.745540
vt 0.144990 0.782220
vt 0.102390 0.770750
vt 0.120500 0.739100
vt 0.249770 0.754460
vt 0.254610 0.780960
vt 0.201300 0.786520
vt 0.269400 0.662900
vt 0.291940 0.718330
vt 0.040780 0.647200
vt 0.064820 0.641090
vt 0.049170 0.685050
vt 0.025870 0.701790
vt 0.064950 0.711070
vt 0.044970 0.730520
vt 0.087230 0.730490
vt 0.068270 0.751670
vt 0.013270 0.654730
vt 0.081200 0.611050
vt 0.311200 0.762650
vt 0.171090 0.497070
vt 0.202010 0.616000
vt 0.190290 0.445100
vt 0.159730 0.476420
vt 0.076340 0.343210
vt 0.069810 0.332760
vt 0.558160 0.142770
vt 0.585080 0.132840
vt 0.593980 0.194020
vt 0.472230 0.054090
vt 0.482530 0.028320
vt 0.542390 0.068960
vt 0.523030 0.089020
vt 0.299740 0.590400
vt 0.329020 0.630890
vt 0.270470 0.442910
vt 0.355640 0.666770
vt 0.381510 0.702850
vt 0.416030 0.043500
vt 0.415250 0.013270
vt 0.176480 0.433830
vt 0.152040 0.461710
vt 0.453420 0.094150
vt 0.439730 0.119190
vt 0.409610 0.111490
vt 0.408050 0.084630
vt 0.489000 0.122140
vt 0.467200 0.141170
vt 0.513690 0.159730
vt 0.484840 0.171200
vt 0.536830 0.151320
vt 0.507690 0.105140
vt 0.463640 0.073870
vt 0.410600 0.062020
vt 0.197560 0.660160
vt 0.211300 0.631660
vt 0.231960 0.641620
vt 0.245770 0.675660
vt 0.269280 0.705080
vt 0.249840 0.728990
vt 0.217990 0.733520
vt 0.208070 0.697300
vt 0.489780 0.788850
vt 0.497100 0.810510
vt 0.477450 0.813320
vt 0.474630 0.794760
vt 0.460860 0.763850
vt 0.482500 0.750830
vt 0.503920 0.785490
vt 0.529270 0.826300
vt 0.553540 0.834650
vt 0.512780 0.861200
vt 0.512660 0.829090
vt 0.517980 0.743950
vt 0.517310 0.777770
vt 0.453310 0.786390
vt 0.510220 0.808230
vt 0.529380 0.802020
vt 0.477690 0.859120
vt 0.498220 0.832400
vt 0.513420 0.887640
vt 0.442350 0.875250
vt 0.530870 0.713980
vt 0.574700 0.770340
vt 0.552710 0.782500
vt 0.451350 0.720640
vt 0.461680 0.838680
vt 0.481580 0.830780
vt 0.574700 0.843230
vt 0.418120 0.750030
vt 0.408050 0.815300
vt 0.431230 0.779690
vt 0.431590 0.813120
vt 0.452840 0.813960
vt 0.442620 0.845690
vt 0.245780 0.847770
vt 0.222680 0.829760
vt 0.290580 0.813070
vt 0.287530 0.837220
vt 0.232710 0.883560
vt 0.206460 0.890970
vt 0.241420 0.922190
vt 0.214590 0.949440
vt 0.275350 0.933440
vt 0.271470 0.964070
vt 0.281480 0.885010
vt 0.261650 0.880200
vt 0.268050 0.864950
vt 0.283880 0.866010
vt 0.279010 0.904570
vt 0.262140 0.897590
vt 0.778980 0.456550
vt 0.806040 0.480280
vt 0.818990 0.509160
vt 0.765500 0.513200
vt 0.820270 0.546380
vt 0.850230 0.500800
vt 0.851690 0.546720
vt 0.712920 0.479210
vt 0.737330 0.458990
vt 0.735110 0.515470
vt 0.700440 0.510000
vt 0.717150 0.320630
vt 0.666740 0.288640
vt 0.700450 0.264870
vt 0.745430 0.292300
vt 0.637320 0.237340
vt 0.670050 0.227820
vt 0.771500 0.348400
vt 0.799180 0.300520
vt 0.620520 0.180840
vt 0.659580 0.180840
vt 0.698190 0.180850
vt 0.698590 0.215220
vt 0.760710 0.259780
vt 0.798890 0.249700
vt 0.731590 0.231560
vt 0.757830 0.180840
vt 0.827860 0.461160
vt 0.793430 0.426040
vt 0.769540 0.546000
vt 0.736240 0.424190
vt 0.700160 0.455910
vt 0.682300 0.499980
vt 0.706580 0.544440
vt 0.676770 0.543750
vt 0.095000 0.911850
vt 0.079850 0.905950
vt 0.082660 0.887390
vt 0.102310 0.890180
vt 0.066070 0.936850
vt 0.109130 0.915210
vt 0.087710 0.949870
vt 0.134470 0.874400
vt 0.117870 0.871600
vt 0.117990 0.839500
vt 0.158760 0.866050
vt 0.122520 0.922920
vt 0.123190 0.956760
vt 0.058520 0.914310
vt 0.115420 0.892470
vt 0.134580 0.898670
vt 0.103440 0.868300
vt 0.082910 0.841590
vt 0.118630 0.813070
vt 0.047570 0.825460
vt 0.136090 0.986730
vt 0.157920 0.918200
vt 0.179920 0.930370
vt 0.056560 0.980070
vt 0.086800 0.869930
vt 0.066900 0.862020
vt 0.179920 0.857480
vt 0.023340 0.950680
vt 0.013270 0.885410
vt 0.036800 0.887580
vt 0.036440 0.921020
vt 0.058050 0.886740
vt 0.047830 0.855020
vt 0.325330 0.857830
vt 0.352180 0.846150
vt 0.329070 0.895760
vt 0.352650 0.909470
vt 0.311020 0.931000
vt 0.330210 0.964070
vt 0.299480 0.868940
vt 0.301880 0.885290
vt 0.297080 0.902010
vt 0.775630 0.635050
vt 0.763990 0.577950
vt 0.817700 0.583530
vt 0.803670 0.612060
vt 0.848740 0.592710
vt 0.710110 0.609960
vt 0.698910 0.578570
vt 0.734380 0.574470
vt 0.733780 0.631260
vt 0.717150 0.041040
vt 0.745440 0.069380
vt 0.700440 0.096800
vt 0.666740 0.073030
vt 0.670040 0.133870
vt 0.637320 0.124330
vt 0.771500 0.013270
vt 0.799180 0.061150
vt 0.698580 0.146470
vt 0.798890 0.111970
vt 0.760720 0.101900
vt 0.731590 0.130120
vt 0.824980 0.631820
vt 0.789170 0.666080
vt 0.731420 0.666080
vt 0.696170 0.632810
vt 0.680110 0.587790
vt 0.707610 0.706100
vt 0.722730 0.722120
vt 0.705410 0.732110
vt 0.689530 0.721590
vt 0.677110 0.861720
vt 0.686070 0.836120
vt 0.704970 0.854690
vt 0.705290 0.872200
vt 0.728280 0.743810
vt 0.704530 0.749410
vt 0.728640 0.894020
vt 0.723680 0.915880
vt 0.706250 0.906210
vt 0.705040 0.888840
vt 0.754390 0.818930
vt 0.756040 0.844080
vt 0.739580 0.838560
vt 0.738560 0.818940
vt 0.709200 0.932330
vt 0.690740 0.917090
vt 0.720560 0.818990
vt 0.723060 0.839390
vt 0.708020 0.839000
vt 0.702710 0.819120
vt 0.724010 0.857320
vt 0.723910 0.780610
vt 0.723010 0.798570
vt 0.707950 0.799130
vt 0.704810 0.783470
vt 0.756040 0.793730
vt 0.739570 0.799290
vt 0.726630 0.875980
vt 0.750210 0.767320
vt 0.738780 0.781030
vt 0.726420 0.761910
vt 0.678210 0.888000
vt 0.704990 0.765980
vt 0.685980 0.802300
vt 0.676770 0.776900
vt 0.677520 0.750740
vt 0.750250 0.870340
vt 0.738820 0.856770
vt 0.759620 0.914790
vt 0.758920 0.942410
vt 0.762880 0.884650
vt 0.759170 0.722370
vt 0.762870 0.752830
vt 0.757050 0.694990
vt 0.766700 0.851850
vt 0.766710 0.785990
vt 0.767010 0.818950
vt 0.879230 0.448430
vt 0.880280 0.424190
vt 0.914180 0.425900
vt 0.911850 0.447560
vt 0.911850 0.594840
vt 0.928310 0.570220
vt 0.948060 0.591670
vt 0.879230 0.593970
vt 0.878560 0.569750
vt 0.908700 0.570380
vt 0.947400 0.566770
vt 0.878280 0.545480
vt 0.878230 0.521200
vt 0.907350 0.521210
vt 0.907730 0.545670
vt 0.927000 0.521200
vt 0.927260 0.544990
vt 0.947290 0.521200
vt 0.947260 0.543400
vt 0.878280 0.496920
vt 0.878560 0.472660
vt 0.908710 0.472030
vt 0.907730 0.496730
vt 0.928310 0.472180
vt 0.927260 0.497400
vt 0.947400 0.475630
vt 0.947260 0.499000
vt 0.948060 0.450730
vt 0.880280 0.618220
vt 0.914180 0.616500
vt 0.949190 0.614360
vt 0.949190 0.428040
vt 0.789320 0.725560
vt 0.769440 0.722360
vt 0.763690 0.692720
vt 0.792920 0.692620
vt 0.790800 0.788010
vt 0.774780 0.784350
vt 0.772530 0.752310
vt 0.790660 0.757100
vt 0.791100 0.851140
vt 0.774740 0.853570
vt 0.774560 0.818990
vt 0.789700 0.819660
vt 0.789270 0.912900
vt 0.769650 0.914330
vt 0.772510 0.885160
vt 0.790850 0.881750
vt 0.793690 0.943450
vt 0.765640 0.944680
vt 0.802550 0.879410
vt 0.800600 0.911470
vt 0.801200 0.847950
vt 0.799330 0.819650
vt 0.800920 0.791350
vt 0.802340 0.759830
vt 0.800610 0.727110
vt 0.803000 0.696450
vt 0.803000 0.939850
vt 0.485390 0.687440
vt 0.485390 0.667800
vt 0.519530 0.670710
vt 0.494860 0.652760
vt 0.509250 0.643780
vt 0.541210 0.644700
vt 0.553910 0.654410
vt 0.559660 0.669400
vt 0.549700 0.686260
vt 0.525460 0.641090
vt 0.591000 0.567460
vt 0.621550 0.579560
vt 0.616000 0.623960
vt 0.589030 0.602680
vt 0.526700 0.557970
vt 0.559110 0.559890
vt 0.558940 0.590430
vt 0.527610 0.586700
vt 0.494820 0.561740
vt 0.496330 0.591140
vt 0.435310 0.579510
vt 0.464240 0.570000
vt 0.465940 0.602920
vt 0.436750 0.619300
vt 0.650230 0.592180
vt 0.636860 0.655140
vt 0.577510 0.629620
vt 0.595430 0.653120
vt 0.527310 0.611560
vt 0.553620 0.616070
vt 0.500600 0.615770
vt 0.452080 0.648510
vt 0.475050 0.628480
vt 0.598560 0.687440
vt 0.432650 0.673150
vt 0.408050 0.585300
vt 0.408060 0.634910
vt 0.439820 0.488650
vt 0.458580 0.489090
vt 0.445880 0.535210
vt 0.422960 0.536960
vt 0.478560 0.488440
vt 0.499750 0.487240
vt 0.496980 0.527140
vt 0.470530 0.531180
vt 0.543950 0.484340
vt 0.565310 0.482260
vt 0.581600 0.526550
vt 0.553610 0.524730
vt 0.585230 0.479140
vt 0.603380 0.474510
vt 0.631610 0.528110
vt 0.607900 0.528550
vt 0.521800 0.485870
vt 0.524990 0.524770
vt 0.549640 0.435060
vt 0.566310 0.430230
vt 0.515970 0.441000
vt 0.532810 0.438650
vt 0.499200 0.442110
vt 0.466110 0.440500
vt 0.482570 0.441950
vt 0.582630 0.424190
vt 0.449630 0.437860
s 1
usemtl Material.001
f 86/1/1 87/2/2 6/3/3
f 86/1/1 6/3/3 4/4/4
f 76/5/5 77/6/6 33/7/7
f 76/5/5 33/7/7 30/8/8
f 80/9/9 81/10/10 39/11/11
f 80/9/9 39/11/11 52/12/12
f 78/13/13 79/14/14 48/15/15
f 78/13/13 48/15/15 54/16/16
f 82/17/17 75/18/18 36/19/19
f 82/17/17 36/19/19 45/20/20
f 81/10/10 83/21/21 46/22/22
f 81/10/10 46/22/22 39/11/11
f 79/14/14 80/9/9 52/12/12
f 79/14/14 52/12/12 48/15/15
f 114/23/23 116/24/24 26/25/25
f 114/23/23 26/25/25 24/26/26
f 112/27/27 113/28/28 23/29/29
f 112/27/27 23/29/29 22/30/30
f 110/31/31 111/32/32 21/33/33
f 110/31/31 21/33/33 20/34/34
f 109/35/35 110/31/31 20/34/34
f 109/35/35 20/34/34 19/36/36
f 115/37/37 108/38/38 28/39/39
f 115/37/37 28/39/39 27/40/40
f 113/28/28 114/23/23 24/26/26
f 113/28/28 24/26/26 23/29/29
f 111/32/32 112/27/27 22/30/30
f 111/32/32 22/30/30 21/33/33
f 108/38/38 109/35/35 19/36/36
f 108/38/38 19/36/36 28/39/39
f 25/41/41 19/36/36 20/34/34
f 25/41/41 20/34/34 21/33/33
f 25/41/41 21/33/33 22/30/30
f 25/41/41 22/30/30 23/29/29
f 25/41/41 23/29/29 24/26/26
f 25/41/41 24/26/26 26/25/25
f 25/41/41 27/40/40 28/39/39
f 25/41/41 28/39/39 19/36/36
f 92/42/42 90/43/43 10/44/44
f 92/42/42 10/44/44 8/45/45
f 91/46/46 89/47/47 16/48/48
f 91/46/46 16/48/48 12/49/49
f 88/50/50 84/51/51 18/52/52
f 88/50/50 18/52/52 15/53/48
f 87/2/2 92/42/42 8/45/45
f 87/2/2 8/45/45 6/3/3
f 90/43/43 91/46/46 12/49/49
f 90/43/43 12/49/49 10/44/44
f 85/54/53 86/1/1 4/4/4
f 85/54/53 4/4/4 2/55/54
f 84/51/51 85/54/53 2/55/54
f 84/51/51 2/55/54 18/52/52
f 93/56/55 51/57/56 38/58/57
f 93/56/55 38/58/57 95/59/58
f 47/60/59 51/57/56 93/56/55
f 96/61/60 35/62/61 29/63/62
f 96/61/60 29/63/62 94/64/63
f 94/64/63 29/63/62 34/65/64
f 95/59/58 38/58/57 44/66/22
f 95/59/58 44/66/22 98/67/65
f 32/68/66 94/64/63 34/65/64
f 77/6/6 78/13/13 54/16/16
f 77/6/6 54/16/16 33/7/7
f 97/69/67 43/70/22 35/62/61
f 97/69/67 35/62/61 96/61/60
f 53/71/68 55/72/69 47/60/59
f 53/71/68 47/60/59 49/73/70
f 75/18/18 76/5/5 30/8/8
f 75/18/18 30/8/8 36/19/19
f 58/74/71 56/75/72 57/76/73
f 58/74/71 57/76/73 59/77/74
f 59/77/74 57/76/73 64/78/75
f 60/79/76 58/74/71 59/77/74
f 60/79/76 59/77/74 61/80/77
f 61/80/77 59/77/74 64/78/75
f 56/75/72 73/81/78 74/82/79
f 56/75/72 74/82/79 57/76/73
f 57/76/73 74/82/79 64/78/75
f 62/83/80 60/79/76 61/80/77
f 62/83/80 61/80/77 63/84/81
f 63/84/81 61/80/77 64/78/75
f 65/85/82 62/83/80 63/84/81
f 65/85/82 63/84/81 66/86/83
f 66/86/83 63/84/81 64/78/75
f 67/87/84 65/85/82 66/86/83
f 67/87/84 66/86/83 68/88/85
f 68/88/85 66/86/83 64/78/75
f 69/89/86 67/87/84 68/88/85
f 69/89/86 68/88/85 72/90/87
f 72/90/87 68/88/85 64/78/75
f 73/81/78 70/91/88 71/92/89
f 73/81/78 71/92/89 74/82/79
f 74/82/79 71/92/89 64/78/75
f 99/93/90 100/94/91 76/5/5
f 99/93/90 76/5/5 75/18/18
f 101/95/92 102/96/93 78/13/13
f 101/95/92 78/13/13 77/6/6
f 103/97/94 104/98/95 80/9/9
f 103/97/94 80/9/9 79/14/14
f 105/99/96 106/100/97 83/21/21
f 105/99/96 83/21/21 81/10/10
f 107/101/98 99/93/90 75/18/18
f 107/101/98 75/18/18 82/17/17
f 102/96/93 103/97/94 79/14/14
f 102/96/93 79/14/14 78/13/13
f 104/98/95 105/99/96 81/10/10
f 104/98/95 81/10/10 80/9/9
f 100/94/91 101/95/92 77/6/6
f 100/94/91 77/6/6 76/5/5
f 37/102/99 31/103/100 85/54/53
f 37/102/99 85/54/53 84/51/51
f 31/103/100 32/68/66 86/1/1
f 31/103/100 86/1/1 85/54/53
f 50/104/101 40/105/102 91/46/46
f 50/104/101 91/46/46 90/43/43
f 53/71/68 49/73/70 92/42/42
f 53/71/68 92/42/42 87/2/2
f 41/106/103 37/102/99 84/51/51
f 41/106/103 84/51/51 88/50/50
f 40/105/102 42/107/104 89/47/47
f 40/105/102 89/47/47 91/46/46
f 49/73/70 50/104/101 90/43/43
f 49/73/70 90/43/43 92/42/42
f 32/68/66 53/71/68 87/2/2
f 32/68/66 87/2/2 86/1/1
f 41/106/103 97/69/67 96/61/60
f 41/106/103 96/61/60 37/102/99
f 40/105/102 95/59/58 98/67/65
f 40/105/102 98/67/65 42/107/104
f 31/103/100 94/64/63 32/68/66
f 37/102/99 96/61/60 94/64/63
f 37/102/99 94/64/63 31/103/100
f 50/104/101 49/73/70 93/56/55
f 50/104/101 93/56/55 95/59/58
f 50/104/101 95/59/58 40/105/102
f 49/73/70 47/60/59 93/56/55
f 32/68/66 34/65/64 55/72/69
f 32/68/66 55/72/69 53/71/68
f 56/75/72 58/74/71 101/95/92
f 56/75/72 101/95/92 100/94/91
f 65/85/82 67/87/84 105/99/96
f 65/85/82 105/99/96 104/98/95
f 60/79/76 62/83/80 103/97/94
f 60/79/76 103/97/94 102/96/93
f 70/91/88 73/81/78 99/93/90
f 70/91/88 99/93/90 107/101/98
f 67/87/84 69/89/86 106/100/97
f 67/87/84 106/100/97 105/99/96
f 62/83/80 65/85/82 104/98/95
f 62/83/80 104/98/95 103/97/94
f 58/74/71 60/79/76 102/96/93
f 58/74/71 102/96/93 101/95/92
f 73/81/78 56/75/72 100/94/91
f 73/81/78 100/94/91 99/93/90
f 17/108/105 1/109/106 109/35/35
f 17/108/105 109/35/35 108/38/38
f 5/110/107 7/111/108 112/27/27
f 5/110/107 112/27/27 111/32/32
f 9/112/109 11/113/110 114/23/23
f 9/112/109 114/23/23 113/28/28
f 13/114/48 17/108/105 108/38/38
f 13/114/48 108/38/38 115/37/37
f 1/109/106 3/115/111 110/31/31
f 1/109/106 110/31/31 109/35/35
f 3/115/111 5/110/107 111/32/32
f 3/115/111 111/32/32 110/31/31
f 7/111/108 9/112/109 113/28/28
f 7/111/108 113/28/28 112/27/27
f 11/113/110 14/116/48 116/24/24
f 11/113/110 116/24/24 114/23/23
f 202/1/112 120/4/113 122/3/114
f 202/1/112 122/3/114 203/2/115
f 192/5/116 146/8/117 149/7/118
f 192/5/116 149/7/118 193/6/119
f 196/9/120 168/12/121 155/11/122
f 196/9/120 155/11/122 197/10/123
f 194/13/124 170/16/125 164/15/126
f 194/13/124 164/15/126 195/14/127
f 198/17/128 161/20/129 152/19/130
f 198/17/128 152/19/130 191/18/131
f 197/10/123 155/11/122 162/22/132
f 197/10/123 162/22/132 199/21/133
f 195/14/127 164/15/126 168/12/121
f 195/14/127 168/12/121 196/9/120
f 230/23/134 140/26/135 142/25/136
f 230/23/134 142/25/136 232/24/137
f 228/27/138 138/30/139 139/29/140
f 228/27/138 139/29/140 229/28/141
f 226/31/142 136/34/143 137/33/144
f 226/31/142 137/33/144 227/32/145
f 225/35/146 135/36/147 136/34/143
f 225/35/146 136/34/143 226/31/142
f 231/37/148 143/40/149 144/39/150
f 231/37/148 144/39/150 224/38/151
f 229/28/141 139/29/140 140/26/135
f 229/28/141 140/26/135 230/23/134
f 227/32/145 137/33/144 138/30/139
f 227/32/145 138/30/139 228/27/138
f 224/38/151 144/39/150 135/36/147
f 224/38/151 135/36/147 225/35/146
f 141/41/75 136/34/143 135/36/147
f 141/41/75 137/33/144 136/34/143
f 141/41/75 138/30/139 137/33/144
f 141/41/75 139/29/140 138/30/139
f 141/41/75 140/26/135 139/29/140
f 141/41/75 142/25/136 140/26/135
f 141/41/75 144/39/150 143/40/149
f 141/41/75 135/36/147 144/39/150
f 208/42/152 124/45/153 126/44/154
f 208/42/152 126/44/154 206/43/155
f 207/46/156 128/49/157 132/48/158
f 207/46/156 132/48/158 205/47/159
f 204/50/160 131/53/158 134/52/161
f 204/50/160 134/52/161 200/51/162
f 203/2/115 122/3/114 124/45/153
f 203/2/115 124/45/153 208/42/152
f 206/43/155 126/44/154 128/49/157
f 206/43/155 128/49/157 207/46/156
f 201/54/163 118/55/164 120/4/113
f 201/54/163 120/4/113 202/1/112
f 200/51/162 134/52/161 118/55/164
f 200/51/162 118/55/164 201/54/163
f 209/56/165 211/59/166 154/58/167
f 209/56/165 154/58/167 167/57/168
f 163/60/169 209/56/165 167/57/168
f 212/61/170 210/64/171 145/63/172
f 212/61/170 145/63/172 151/62/173
f 210/64/171 150/65/174 145/63/172
f 211/59/166 214/67/175 160/66/129
f 211/59/166 160/66/129 154/58/167
f 148/68/176 150/65/174 210/64/171
f 193/6/119 149/7/118 170/16/125
f 193/6/119 170/16/125 194/13/124
f 213/69/177 212/61/170 151/62/173
f 213/69/177 151/62/173 159/70/129
f 169/71/178 165/73/179 163/60/169
f 169/71/178 163/60/169 171/72/180
f 191/18/131 152/19/130 146/8/117
f 191/18/131 146/8/117 192/5/116
f 174/74/181 175/77/182 173/76/183
f 174/74/181 173/76/183 172/75/184
f 175/77/182 180/78/41 173/76/183
f 176/79/185 177/80/186 175/77/182
f 176/79/185 175/77/182 174/74/181
f 177/80/186 180/78/41 175/77/182
f 172/75/184 173/76/183 190/82/187
f 172/75/184 190/82/187 189/81/188
f 173/76/183 180/78/41 190/82/187
f 178/83/189 179/84/190 177/80/186
f 178/83/189 177/80/186 176/79/185
f 179/84/190 180/78/41 177/80/186
f 181/85/191 182/86/192 179/84/190
f 181/85/191 179/84/190 178/83/189
f 182/86/192 180/78/41 179/84/190
f 183/87/193 184/88/194 182/86/192
f 183/87/193 182/86/192 181/85/191
f 184/88/194 180/78/41 182/86/192
f 185/89/195 188/90/196 184/88/194
f 185/89/195 184/88/194 183/87/193
f 188/90/196 180/78/41 184/88/194
f 189/81/188 190/82/187 187/92/197
f 189/81/188 187/92/197 186/91/198
f 190/82/187 180/78/41 187/92/197
f 215/93/199 191/18/131 192/5/116
f 215/93/199 192/5/116 216/94/200
f 217/95/201 193/6/119 194/13/124
f 217/95/201 194/13/124 218/96/202
f 219/97/203 195/14/127 196/9/120
f 219/97/203 196/9/120 220/98/204
f 221/99/205 197/10/123 199/21/133
f 221/99/205 199/21/133 222/100/206
f 223/101/207 198/17/128 191/18/131
f 223/101/207 191/18/131 215/93/199
f 218/96/202 194/13/124 195/14/127
f 218/96/202 195/14/127 219/97/203
f 220/98/204 196/9/120 197/10/123
f 220/98/204 197/10/123 221/99/205
f 216/94/200 192/5/116 193/6/119
f 216/94/200 193/6/119 217/95/201
f 153/102/208 200/51/162 201/54/163
f 153/102/208 201/54/163 147/103/209
f 147/103/209 201/54/163 202/1/112
f 147/103/209 202/1/112 148/68/176
f 166/104/210 206/43/155 207/46/156
f 166/104/210 207/46/156 156/105/211
f 169/71/178 203/2/115 208/42/152
f 169/71/178 208/42/152 165/73/179
f 157/106/212 204/50/160 200/51/162
f 157/106/212 200/51/162 153/102/208
f 156/105/211 207/46/156 205/47/159
f 156/105/211 205/47/159 158/107/213
f 165/73/179 208/42/152 206/43/155
f 165/73/179 206/43/155 166/104/210
f 148/68/176 202/1/112 203/2/115
f 148/68/176 203/2/115 169/71/178
f 157/106/212 153/102/208 212/61/170
f 157/106/212 212/61/170 213/69/177
f 156/105/211 158/107/213 214/67/175
f 156/105/211 214/67/175 211/59/166
f 147/103/209 148/68/176 210/64/171
f 153/102/208 147/103/209 210/64/171
f 153/102/208 210/64/171 212/61/170
f 166/104/210 209/56/165 165/73/179
f 166/104/210 156/105/211 211/59/166
f 166/104/210 211/59/166 209/56/165
f 165/73/179 209/56/165 163/60/169
f 148/68/176 169/71/178 171/72/180
f 148/68/176 171/72/180 150/65/174
f 172/75/184 216/94/200 217/95/201
f 172/75/184 217/95/201 174/74/181
f 181/85/191 220/98/204 221/99/205
f 181/85/191 221/99/205 183/87/193
f 176/79/185 218/96/202 219/97/203
f 176/79/185 219/97/203 178/83/189
f 186/91/198 223/101/207 215/93/199
f 186/91/198 215/93/199 189/81/188
f 183/87/193 221/99/205 222/100/206
f 183/87/193 222/100/206 185/89/195
f 178/83/189 219/97/203 220/98/204
f 178/83/189 220/98/204 181/85/191
f 174/74/181 217/95/201 218/96/202
f 174/74/181 218/96/202 176/79/185
f 189/81/188 215/93/199 216/94/200
f 189/81/188 216/94/200 172/75/184
f 133/108/214 224/38/151 225/35/146
f 133/108/214 225/35/146 117/109/215
f 121/110/216 227/32/145 228/27/138
f 121/110/216 228/27/138 123/111/217
f 125/112/218 229/28/141 230/23/134
f 125/112/218 230/23/134 127/113/219
f 129/114/158 231/37/148 224/38/151
f 129/114/158 224/38/151 133/108/214
f 117/109/215 225/35/146 226/31/142
f 117/109/215 226/31/142 119/115/220
f 119/115/220 226/31/142 227/32/145
f 119/115/220 227/32/145 121/110/216
f 123/111/217 228/27/138 229/28/141
f 123/111/217 229/28/141 125/112/218
f 127/113/219 230/23/134 232/24/137
f 127/113/219 232/24/137 130/116/158
f 236/117/221 237/118/222 280/119/223
f 236/117/221 280/119/223 281/120/224
f 233/121/225 234/122/226 283/123/227
f 233/121/225 283/123/227 284/124/228
f 387/125/229 233/121/225 284/124/228
f 387/125/229 284/124/228 381/126/230
f 238/127/231 385/128/232 382/129/233
f 238/127/231 382/129/233 279/130/234
f 237/118/222 238/127/231 279/130/234
f 237/118/222 279/130/234 280/119/223
f 254/131/235 270/132/236 272/133/237
f 254/131/235 272/133/237 252/134/238
f 274/135/239 270/132/236 254/131/235
f 274/135/239 254/131/235 250/136/240
f 271/137/241 251/138/242 252/134/238
f 271/137/241 252/134/238 272/133/237
f 266/139/243 236/117/221 235/140/244
f 266/139/243 235/140/244 265/141/245
f 261/142/246 265/141/245 269/143/247
f 261/142/246 269/143/247 263/144/248
f 249/145/249 245/146/250 244/147/251
f 249/145/249 244/147/251 248/148/252
f 234/122/226 269/143/247 265/141/245
f 234/122/226 265/141/245 235/140/244
f 247/149/253 248/148/252 244/147/251
f 247/149/253 244/147/251 240/150/254
f 273/151/255 271/137/241 248/148/252
f 273/151/255 248/148/252 247/149/253
f 283/123/227 282/152/256 454/153/257
f 283/123/227 454/153/257 289/154/258
f 409/155/259 400/156/260 257/157/261
f 409/155/259 257/157/261 274/135/239
f 268/158/262 269/143/247 234/122/226
f 268/158/262 234/122/226 233/121/225
f 273/151/255 275/159/263 241/160/264
f 273/151/255 241/160/264 253/161/265
f 275/159/263 258/162/266 402/163/267
f 275/159/263 402/163/267 411/164/268
f 259/165/269 241/160/264 392/166/270
f 259/165/269 392/166/270 404/167/271
f 264/168/272 267/169/273 238/127/231
f 264/168/272 238/127/231 237/118/222
f 242/170/274 255/171/275 245/146/250
f 242/170/274 245/146/250 239/172/276
f 396/173/277 398/174/278 256/175/279
f 396/173/277 256/175/279 255/171/275
f 398/174/278 390/176/280 243/177/281
f 398/174/278 243/177/281 256/175/279
f 256/175/279 243/177/281 240/150/254
f 256/175/279 240/150/254 244/147/251
f 255/171/275 256/175/279 244/147/251
f 255/171/275 244/147/251 245/146/250
f 252/134/238 261/142/246 263/144/248
f 252/134/238 263/144/248 254/131/235
f 400/156/260 388/178/282 242/170/274
f 400/156/260 242/170/274 257/157/261
f 246/179/283 257/157/261 242/170/274
f 246/179/283 242/170/274 239/172/276
f 258/162/266 243/177/281 390/176/280
f 258/162/266 390/176/280 402/163/267
f 388/178/282 396/173/277 255/171/275
f 388/178/282 255/171/275 242/170/274
f 240/150/254 243/177/281 258/162/266
f 240/150/254 258/162/266 247/149/253
f 267/169/273 259/165/269 404/167/271
f 267/169/273 404/167/271 406/180/284
f 250/136/240 254/131/235 263/144/248
f 250/136/240 263/144/248 260/181/285
f 249/145/249 272/133/237 270/132/236
f 249/145/249 270/132/236 246/179/283
f 251/138/242 262/182/286 261/142/246
f 251/138/242 261/142/246 252/134/238
f 387/125/229 408/183/287 268/158/262
f 387/125/229 268/158/262 233/121/225
f 238/127/231 267/169/273 406/180/284
f 238/127/231 406/180/284 385/128/232
f 237/118/222 236/117/221 266/139/243
f 237/118/222 266/139/243 264/168/272
f 260/181/285 263/144/248 269/143/247
f 260/181/285 269/143/247 268/158/262
f 262/182/286 266/139/243 265/141/245
f 262/182/286 265/141/245 261/142/246
f 241/160/264 275/159/263 411/164/268
f 241/160/264 411/164/268 392/166/270
f 247/149/253 258/162/266 275/159/263
f 247/149/253 275/159/263 273/151/255
f 394/184/288 409/155/259 274/135/239
f 394/184/288 274/135/239 250/136/240
f 253/161/265 251/138/242 271/137/241
f 253/161/265 271/137/241 273/151/255
f 248/148/252 271/137/241 272/133/237
f 248/148/252 272/133/237 249/145/249
f 257/157/261 246/179/283 270/132/236
f 257/157/261 270/132/236 274/135/239
f 413/185/289 384/186/290 268/158/262
f 413/185/289 268/158/262 408/183/287
f 353/187/291 352/188/292 250/136/240
f 353/187/291 250/136/240 260/181/285
f 276/189/293 324/190/294 395/191/295
f 276/189/293 395/191/295 351/192/296
f 384/186/290 353/187/291 260/181/285
f 384/186/290 260/181/285 268/158/262
f 235/140/244 236/117/221 281/120/224
f 235/140/244 281/120/224 282/152/256
f 246/179/283 239/172/276 245/146/250
f 246/179/283 245/146/250 249/145/249
f 287/193/297 416/194/298 417/195/299
f 287/193/297 417/195/299 292/196/300
f 285/197/301 286/198/302 293/199/303
f 285/197/301 293/199/303 294/200/304
f 282/152/256 281/120/224 290/201/305
f 282/152/256 290/201/305 454/153/257
f 281/120/224 280/119/223 291/202/306
f 281/120/224 291/202/306 290/201/305
f 381/126/230 284/124/228 288/203/307
f 381/126/230 288/203/307 455/204/308
f 279/130/234 382/129/233 449/205/309
f 279/130/234 449/205/309 450/206/310
f 284/124/228 283/123/227 289/154/258
f 284/124/228 289/154/258 288/203/307
f 280/119/223 279/130/234 450/206/310
f 280/119/223 450/206/310 291/202/306
f 414/207/311 285/197/301 294/200/304
f 414/207/311 294/200/304 419/208/312
f 286/198/302 287/193/297 292/196/300
f 286/198/302 292/196/300 293/199/303
f 373/209/313 276/189/293 351/192/296
f 373/209/313 351/192/296 421/210/314
f 297/211/315 299/212/316 352/188/292
f 297/211/315 352/188/292 353/187/291
f 424/213/317 295/214/318 384/186/290
f 424/213/317 384/186/290 413/185/289
f 306/215/319 430/216/320 422/217/321
f 306/215/319 422/217/321 300/218/322
f 305/219/323 306/215/319 300/218/322
f 305/219/323 300/218/322 298/220/324
f 304/221/325 305/219/323 298/220/324
f 304/221/325 298/220/324 296/222/326
f 429/223/327 304/221/325 296/222/326
f 429/223/327 296/222/326 425/224/328
f 416/194/298 287/193/297 301/225/329
f 416/194/298 301/225/329 428/226/330
f 287/193/297 286/198/302 302/227/331
f 287/193/297 302/227/331 301/225/329
f 286/198/302 285/197/301 303/228/332
f 286/198/302 303/228/332 302/227/331
f 285/197/301 414/207/311 427/229/333
f 285/197/301 427/229/333 303/228/332
f 428/226/330 301/225/329 304/221/325
f 428/226/330 304/221/325 429/223/327
f 301/225/329 302/227/331 305/219/323
f 301/225/329 305/219/323 304/221/325
f 302/227/331 303/228/332 306/215/319
f 302/227/331 306/215/319 305/219/323
f 303/228/332 427/229/333 430/216/320
f 303/228/332 430/216/320 306/215/319
f 439/230/334 437/231/335 262/182/286
f 439/230/334 262/182/286 251/138/242
f 437/231/335 438/232/336 266/139/243
f 437/231/335 266/139/243 262/182/286
f 438/232/336 436/233/337 264/168/272
f 438/232/336 264/168/272 266/139/243
f 436/233/337 435/234/338 267/169/273
f 436/233/337 267/169/273 264/168/272
f 435/234/338 434/235/339 259/165/269
f 435/234/338 259/165/269 267/169/273
f 434/235/339 432/236/340 241/160/264
f 434/235/339 241/160/264 259/165/269
f 432/236/340 433/237/341 253/161/265
f 432/236/340 253/161/265 241/160/264
f 433/237/341 439/230/334 251/138/242
f 433/237/341 251/138/242 253/161/265
f 234/122/226 235/140/244 282/152/256
f 234/122/226 282/152/256 283/123/227
f 310/238/342 356/239/343 355/240/344
f 310/238/342 355/240/344 311/241/345
f 307/242/346 359/243/347 358/244/348
f 307/242/346 358/244/348 308/245/349
f 387/125/229 381/126/230 359/243/347
f 387/125/229 359/243/347 307/242/346
f 312/246/350 354/247/351 383/248/233
f 312/246/350 383/248/233 386/249/352
f 311/241/345 355/240/344 354/247/351
f 311/241/345 354/247/351 312/246/350
f 328/250/353 326/251/354 346/252/355
f 328/250/353 346/252/355 344/253/356
f 348/254/357 324/190/294 328/250/353
f 348/254/357 328/250/353 344/253/356
f 345/255/358 346/252/355 326/251/354
f 345/255/358 326/251/354 325/256/359
f 340/257/360 339/258/361 309/259/362
f 340/257/360 309/259/362 310/238/342
f 335/260/363 337/261/364 343/262/365
f 335/260/363 343/262/365 339/258/361
f 323/263/366 322/264/367 318/265/368
f 323/263/366 318/265/368 319/266/369
f 308/245/349 309/259/362 339/258/361
f 308/245/349 339/258/361 343/262/365
f 321/267/370 314/268/371 318/265/368
f 321/267/370 318/265/368 322/264/367
f 347/269/372 321/267/370 322/264/367
f 347/269/372 322/264/367 345/255/358
f 358/244/348 364/270/373 452/271/374
f 358/244/348 452/271/374 357/272/375
f 410/273/376 348/254/357 331/274/377
f 410/273/376 331/274/377 401/275/378
f 342/276/379 307/242/346 308/245/349
f 342/276/379 308/245/349 343/262/365
f 347/269/372 327/277/380 315/278/381
f 347/269/372 315/278/381 349/279/382
f 349/279/382 412/280/383 403/281/384
f 349/279/382 403/281/384 332/282/385
f 333/283/386 405/284/387 393/285/388
f 333/283/386 393/285/388 315/278/381
f 338/286/389 311/241/345 312/246/350
f 338/286/389 312/246/350 341/287/390
f 316/288/391 313/289/392 319/266/369
f 316/288/391 319/266/369 329/290/393
f 397/291/277 329/290/393 330/292/394
f 397/291/277 330/292/394 399/293/395
f 399/293/395 330/292/394 317/294/396
f 399/293/395 317/294/396 391/295/280
f 330/292/394 318/265/368 314/268/371
f 330/292/394 314/268/371 317/294/396
f 329/290/393 319/266/369 318/265/368
f 329/290/393 318/265/368 330/292/394
f 326/251/354 328/250/353 337/261/364
f 326/251/354 337/261/364 335/260/363
f 401/275/378 331/274/377 316/288/391
f 401/275/378 316/288/391 389/296/282
f 320/297/397 313/289/392 316/288/391
f 320/297/397 316/288/391 331/274/377
f 332/282/385 403/281/384 391/295/280
f 332/282/385 391/295/280 317/294/396
f 389/296/282 316/288/391 329/290/393
f 389/296/282 329/290/393 397/291/277
f 314/268/371 321/267/370 332/282/385
f 314/268/371 332/282/385 317/294/396
f 341/287/390 407/298/398 405/284/387
f 341/287/390 405/284/387 333/283/386
f 324/190/294 334/299/399 337/261/364
f 324/190/294 337/261/364 328/250/353
f 323/263/366 320/297/397 344/253/356
f 323/263/366 344/253/356 346/252/355
f 325/256/359 326/251/354 335/260/363
f 325/256/359 335/260/363 336/300/400
f 387/125/229 307/242/346 342/276/379
f 387/125/229 342/276/379 408/183/287
f 312/246/350 386/249/352 407/298/398
f 312/246/350 407/298/398 341/287/390
f 311/241/345 338/286/389 340/257/360
f 311/241/345 340/257/360 310/238/342
f 334/299/399 342/276/379 343/262/365
f 334/299/399 343/262/365 337/261/364
f 336/300/400 335/260/363 339/258/361
f 336/300/400 339/258/361 340/257/360
f 315/278/381 393/285/388 412/280/383
f 315/278/381 412/280/383 349/279/382
f 321/267/370 347/269/372 349/279/382
f 321/267/370 349/279/382 332/282/385
f 395/191/295 324/190/294 348/254/357
f 395/191/295 348/254/357 410/273/376
f 327/277/380 347/269/372 345/255/358
f 327/277/380 345/255/358 325/256/359
f 322/264/367 323/263/366 346/252/355
f 322/264/367 346/252/355 345/255/358
f 331/274/377 348/254/357 344/253/356
f 331/274/377 344/253/356 320/297/397
f 413/185/289 408/183/287 342/276/379
f 413/185/289 342/276/379 278/301/401
f 277/302/402 334/299/399 324/190/294
f 277/302/402 324/190/294 276/189/293
f 299/212/316 420/303/403 350/304/404
f 299/212/316 350/304/404 352/188/292
f 278/301/401 342/276/379 334/299/399
f 278/301/401 334/299/399 277/302/402
f 309/259/362 357/272/375 356/239/343
f 309/259/362 356/239/343 310/238/342
f 320/297/397 323/263/366 319/266/369
f 320/297/397 319/266/369 313/289/392
f 362/305/405 366/306/406 456/307/407
f 362/305/405 456/307/407 416/194/298
f 360/308/408 368/309/409 367/310/410
f 360/308/408 367/310/410 361/311/411
f 357/272/375 452/271/374 451/312/412
f 357/272/375 451/312/412 356/239/343
f 356/239/343 451/312/412 453/313/413
f 356/239/343 453/313/413 355/240/344
f 381/126/230 455/204/308 363/314/414
f 381/126/230 363/314/414 359/243/347
f 354/247/351 365/315/415 448/316/416
f 354/247/351 448/316/416 383/248/233
f 359/243/347 363/314/414 364/270/373
f 359/243/347 364/270/373 358/244/348
f 355/240/344 453/313/413 365/315/415
f 355/240/344 365/315/415 354/247/351
f 415/317/417 418/318/418 368/309/409
f 415/317/417 368/309/409 360/308/408
f 361/311/411 367/310/410 366/306/406
f 361/311/411 366/306/406 362/305/405
f 369/319/419 278/301/401 277/302/402
f 369/319/419 277/302/402 371/320/420
f 371/320/420 277/302/402 276/189/293
f 371/320/420 276/189/293 373/209/313
f 424/213/317 413/185/289 278/301/401
f 424/213/317 278/301/401 369/319/419
f 295/214/318 297/211/315 353/187/291
f 295/214/318 353/187/291 384/186/290
f 380/321/421 374/322/422 423/323/423
f 380/321/421 423/323/423 431/324/424
f 379/325/425 372/326/426 374/322/422
f 379/325/425 374/322/422 380/321/421
f 378/327/427 370/328/428 372/326/426
f 378/327/427 372/326/426 379/325/425
f 429/223/327 425/224/328 370/328/428
f 429/223/327 370/328/428 378/327/427
f 416/194/298 428/226/330 375/329/429
f 416/194/298 375/329/429 362/305/405
f 362/305/405 375/329/429 376/330/430
f 362/305/405 376/330/430 361/311/411
f 361/311/411 376/330/430 377/331/431
f 361/311/411 377/331/431 360/308/408
f 360/308/408 377/331/431 426/332/432
f 360/308/408 426/332/432 415/317/417
f 428/226/330 429/223/327 378/327/427
f 428/226/330 378/327/427 375/329/429
f 375/329/429 378/327/427 379/325/425
f 375/329/429 379/325/425 376/330/430
f 376/330/430 379/325/425 380/321/421
f 376/330/430 380/321/421 377/331/431
f 377/331/431 380/321/421 431/324/424
f 377/331/431 431/324/424 426/332/432
f 447/333/433 325/256/359 336/300/400
f 447/333/433 336/300/400 445/334/434
f 445/334/434 336/300/400 340/257/360
f 445/334/434 340/257/360 446/335/435
f 446/335/435 340/257/360 338/286/389
f 446/335/435 338/286/389 444/336/436
f 444/336/436 338/286/389 341/287/390
f 444/336/436 341/287/390 443/337/437
f 443/337/437 341/287/390 333/283/386
f 443/337/437 333/283/386 442/338/438
f 442/338/438 333/283/386 315/278/381
f 442/338/438 315/278/381 440/339/439
f 440/339/439 315/278/381 327/277/380
f 440/339/439 327/277/380 441/340/440
f 441/340/440 327/277/380 325/256/359
f 441/340/440 325/256/359 447/333/433
f 308/245/349 358/244/348 357/272/375
f 308/245/349 357/272/375 309/259/362
f 352/188/292 350/304/404 394/184/288
f 352/188/292 394/184/288 250/136/240
f 471/341/441 466/342/442 485/343/443
f 471/341/441 485/343/443 486/344/444
f 473/345/445 474/346/446 467/347/447
f 473/345/445 467/347/447 471/341/441
f 465/348/448 476/349/449 477/350/450
f 465/348/448 477/350/450 468/351/451
f 474/346/446 479/352/452 472/353/453
f 474/346/446 472/353/453 467/347/447
f 473/345/445 471/341/441 486/344/444
f 473/345/445 486/344/444 488/354/454
f 480/355/455 467/347/447 472/353/453
f 480/355/455 472/353/453 470/356/456
f 468/351/451 480/355/455 470/356/456
f 468/351/451 470/356/456 465/348/448
f 477/350/450 478/357/457 469/358/458
f 477/350/450 469/358/458 468/351/451
f 461/359/459 462/360/460 478/357/457
f 461/359/459 478/357/457 477/350/450
f 464/361/461 457/362/462 475/363/463
f 464/361/461 475/363/463 479/352/452
f 460/364/464 464/361/461 479/352/452
f 460/364/464 479/352/452 474/346/446
f 469/358/458 478/357/457 489/365/465
f 469/358/458 489/365/465 484/366/466
f 458/367/467 461/359/459 477/350/450
f 458/367/467 477/350/450 476/349/449
f 457/362/462 458/367/467 476/349/449
f 457/362/462 476/349/449 475/363/463
f 463/368/468 460/364/464 474/346/446
f 463/368/468 474/346/446 473/345/445
f 459/369/469 463/368/468 483/370/470
f 459/369/469 483/370/470 482/371/471
f 466/342/442 471/341/441 467/347/447
f 466/342/442 467/347/447 480/355/455
f 469/358/458 466/342/442 480/355/455
f 469/358/458 480/355/455 468/351/451
f 470/356/456 472/353/453 479/352/452
f 470/356/456 479/352/452 475/363/463
f 465/348/448 470/356/456 475/363/463
f 465/348/448 475/363/463 476/349/449
f 487/372/472 488/354/454 486/344/444
f 487/372/472 486/344/444 485/343/443
f 489/365/465 487/372/472 485/343/443
f 489/365/465 485/343/443 484/366/466
f 481/373/473 482/371/471 487/372/472
f 481/373/473 487/372/472 489/365/465
f 482/371/471 483/370/470 488/354/454
f 482/371/471 488/354/454 487/372/472
f 478/357/457 462/360/460 481/373/473
f 478/357/457 481/373/473 489/365/465
f 466/342/442 469/358/458 484/366/466
f 466/342/442 484/366/466 485/343/443
f 462/360/460 459/369/469 482/371/471
f 462/360/460 482/371/471 481/373/473
f 463/368/468 473/345/445 488/354/454
f 463/368/468 488/354/454 483/370/470
f 495/374/474 501/375/475 575/376/476
f 495/374/474 575/376/476 580/377/477
f 496/378/478 503/379/479 501/375/475
f 496/378/478 501/375/475 495/374/474
f 497/380/480 499/381/481 503/379/479
f 497/380/480 503/379/479 496/378/478
f 581/382/482 573/383/483 499/381/481
f 581/382/482 499/381/481 497/380/480
f 579/384/484 493/385/485 494/386/486
f 579/384/484 494/386/486 577/387/487
f 578/388/488 492/389/489 493/385/485
f 578/388/488 493/385/485 579/384/484
f 492/389/489 578/388/488 581/382/482
f 492/389/489 581/382/482 497/380/480
f 493/385/485 492/389/489 497/380/480
f 493/385/485 497/380/480 496/378/478
f 494/386/486 493/385/485 496/378/478
f 494/386/486 496/378/478 495/374/474
f 577/387/487 494/386/486 495/374/474
f 577/387/487 495/374/474 580/377/477
f 491/390/490 514/391/491 515/392/492
f 491/390/490 515/392/492 502/393/493
f 594/394/494 515/392/492 596/395/495
f 594/394/494 596/395/495 597/396/496
f 490/397/497 498/398/498 504/399/499
f 490/397/497 504/399/499 500/400/500
f 498/398/498 491/390/490 502/393/493
f 498/398/498 502/393/493 504/399/499
f 511/401/501 512/402/502 505/403/503
f 511/401/501 505/403/503 507/404/504
f 512/402/502 513/405/505 506/406/506
f 512/402/502 506/406/506 505/403/503
f 588/407/507 511/401/501 507/404/504
f 588/407/507 507/404/504 582/408/508
f 513/405/505 590/409/509 584/410/510
f 513/405/505 584/410/510 506/406/506
f 506/406/506 584/410/510 587/411/511
f 506/406/506 587/411/511 510/412/512
f 582/408/508 507/404/504 508/413/513
f 582/408/508 508/413/513 585/414/514
f 505/403/503 506/406/506 510/412/512
f 505/403/503 510/412/512 509/415/515
f 507/404/504 505/403/503 509/415/515
f 507/404/504 509/415/515 508/413/513
f 591/416/516 585/414/514 508/413/513
f 591/416/516 508/413/513 509/415/515
f 587/411/511 591/416/516 509/415/515
f 587/411/511 509/415/515 510/412/512
f 515/392/492 514/391/491 602/417/517
f 515/392/492 602/417/517 596/395/495
f 514/391/491 491/390/490 603/418/518
f 514/391/491 603/418/518 602/417/517
f 502/393/493 515/392/492 594/394/494
f 502/393/493 594/394/494 576/419/327
f 491/390/490 498/398/498 595/420/519
f 491/390/490 595/420/519 603/418/518
f 498/398/498 490/397/497 604/421/520
f 498/398/498 604/421/520 595/420/519
f 490/397/497 500/400/500 605/422/521
f 490/397/497 605/422/521 604/421/520
f 500/400/500 574/423/483 598/424/522
f 500/400/500 598/424/522 605/422/521
f 530/425/523 545/426/524 544/427/525
f 530/425/523 544/427/525 525/428/526
f 532/429/527 530/425/523 526/430/528
f 532/429/527 526/430/528 533/431/529
f 524/432/530 527/433/531 536/434/532
f 524/432/530 536/434/532 535/435/533
f 533/431/529 526/430/528 531/436/534
f 533/431/529 531/436/534 538/437/535
f 532/429/527 547/438/536 545/426/524
f 532/429/527 545/426/524 530/425/523
f 539/439/537 529/440/538 531/436/534
f 539/439/537 531/436/534 526/430/528
f 527/433/531 524/432/530 529/440/538
f 527/433/531 529/440/538 539/439/537
f 536/434/532 527/433/531 528/441/539
f 536/434/532 528/441/539 537/442/540
f 520/443/541 536/434/532 537/442/540
f 520/443/541 537/442/540 521/444/542
f 523/445/543 538/437/535 534/446/544
f 523/445/543 534/446/544 516/447/545
f 519/448/546 533/431/529 538/437/535
f 519/448/546 538/437/535 523/445/543
f 528/441/539 543/449/547 548/450/548
f 528/441/539 548/450/548 537/442/540
f 517/451/549 535/435/533 536/434/532
f 517/451/549 536/434/532 520/443/541
f 516/447/545 534/446/544 535/435/533
f 516/447/545 535/435/533 517/451/549
f 522/452/550 532/429/527 533/431/529
f 522/452/550 533/431/529 519/448/546
f 518/453/551 541/454/552 542/455/553
f 518/453/551 542/455/553 522/452/550
f 525/428/526 539/439/537 526/430/528
f 525/428/526 526/430/528 530/425/523
f 528/441/539 527/433/531 539/439/537
f 528/441/539 539/439/537 525/428/526
f 529/440/538 534/446/544 538/437/535
f 529/440/538 538/437/535 531/436/534
f 524/432/530 535/435/533 534/446/544
f 524/432/530 534/446/544 529/440/538
f 546/456/554 544/427/525 545/426/524
f 546/456/554 545/426/524 547/438/536
f 548/450/548 543/449/547 544/427/525
f 548/450/548 544/427/525 546/456/554
f 540/457/555 548/450/548 546/456/554
f 540/457/555 546/456/554 541/454/552
f 541/454/552 546/456/554 547/438/536
f 541/454/552 547/438/536 542/455/553
f 537/442/540 548/450/548 540/457/555
f 537/442/540 540/457/555 521/444/542
f 525/428/526 544/427/525 543/449/547
f 525/428/526 543/449/547 528/441/539
f 521/444/542 540/457/555 541/454/552
f 521/444/542 541/454/552 518/453/551
f 522/452/550 542/455/553 547/438/536
f 522/452/550 547/438/536 532/429/527
f 554/458/556 580/377/477 575/376/476
f 554/458/556 575/376/476 560/459/557
f 555/460/558 554/458/556 560/459/557
f 555/460/558 560/459/557 562/461/559
f 556/462/560 555/460/558 562/461/559
f 556/462/560 562/461/559 558/463/561
f 581/382/482 556/462/560 558/463/561
f 581/382/482 558/463/561 573/383/483
f 579/384/484 577/387/487 553/464/562
f 579/384/484 553/464/562 552/465/563
f 578/388/488 579/384/484 552/465/563
f 578/388/488 552/465/563 551/466/564
f 551/466/564 556/462/560 581/382/482
f 551/466/564 581/382/482 578/388/488
f 552/465/563 555/460/558 556/462/560
f 552/465/563 556/462/560 551/466/564
f 553/464/562 554/458/556 555/460/558
f 553/464/562 555/460/558 552/465/563
f 577/387/487 580/377/477 554/458/556
f 577/387/487 554/458/556 553/464/562
f 550/467/565 561/468/566 593/469/567
f 550/467/565 593/469/567 592/470/568
f 594/394/494 597/396/496 608/471/569
f 594/394/494 608/471/569 593/469/567
f 549/472/570 559/473/571 563/474/572
f 549/472/570 563/474/572 557/475/573
f 557/475/573 563/474/572 561/468/566
f 557/475/573 561/468/566 550/467/565
f 570/476/574 566/477/575 564/478/576
f 570/476/574 564/478/576 571/479/577
f 571/479/577 564/478/576 565/480/578
f 571/479/577 565/480/578 572/481/579
f 589/482/580 583/483/581 566/477/575
f 589/482/580 566/477/575 570/476/574
f 572/481/579 565/480/578 584/410/510
f 572/481/579 584/410/510 590/409/509
f 565/480/578 569/484/582 587/411/511
f 565/480/578 587/411/511 584/410/510
f 583/483/581 586/485/583 567/486/584
f 583/483/581 567/486/584 566/477/575
f 564/478/576 568/487/585 569/484/582
f 564/478/576 569/484/582 565/480/578
f 566/477/575 567/486/584 568/487/585
f 566/477/575 568/487/585 564/478/576
f 591/416/516 568/487/585 567/486/584
f 591/416/516 567/486/584 586/485/583
f 587/411/511 569/484/582 568/487/585
f 587/411/511 568/487/585 591/416/516
f 593/469/567 608/471/569 601/488/586
f 593/469/567 601/488/586 592/470/568
f 592/470/568 601/488/586 599/489/587
f 592/470/568 599/489/587 550/467/565
f 561/468/566 576/419/327 594/394/494
f 561/468/566 594/394/494 593/469/567
f 550/467/565 599/489/587 600/490/588
f 550/467/565 600/490/588 557/475/573
f 557/475/573 600/490/588 606/491/589
f 557/475/573 606/491/589 549/472/570
f 549/472/570 606/491/589 607/492/590
f 549/472/570 607/492/590 559/473/571
f 559/473/571 607/492/590 598/424/522
f 559/473/571 598/424/522 574/423/483
f 650/493/591 647/494/592 630/495/593
f 650/493/591 630/495/593 631/496/594
f 666/497/595 646/498/596 635/499/597
f 666/497/595 635/499/597 664/500/598
f 647/494/592 649/501/599 627/502/600
f 647/494/592 627/502/600 630/495/593
f 648/503/601 652/504/602 629/505/603
f 648/503/601 629/505/603 628/506/604
f 658/507/605 660/508/606 634/509/607
f 658/507/605 634/509/607 639/510/608
f 652/504/602 651/511/609 632/512/610
f 652/504/602 632/512/610 629/505/603
f 656/513/611 653/514/612 633/515/613
f 656/513/611 633/515/613 640/516/614
f 653/514/612 654/517/615 635/499/597
f 653/514/612 635/499/597 633/515/613
f 655/518/616 657/519/617 641/520/618
f 655/518/616 641/520/618 637/521/619
f 657/519/617 656/513/611 640/516/614
f 657/519/617 640/516/614 641/520/618
f 659/522/620 658/507/605 639/510/608
f 659/522/620 639/510/608 642/523/621
f 668/524/622 664/500/598 635/499/597
f 668/524/622 635/499/597 654/517/615
f 662/525/623 659/522/620 642/523/621
f 662/525/623 642/523/621 638/526/624
f 667/527/625 662/525/623 638/526/624
f 667/527/625 638/526/624 655/518/616
f 632/512/610 644/528/626 628/506/604
f 632/512/610 628/506/604 629/505/603
f 663/529/627 637/521/619 645/530/628
f 663/529/627 645/530/628 665/531/629
f 646/498/596 640/516/614 633/515/613
f 646/498/596 633/515/613 635/499/597
f 630/495/593 627/502/600 643/532/630
f 630/495/593 643/532/630 631/496/594
f 637/521/619 641/520/618 640/516/614
f 637/521/619 640/516/614 645/530/628
f 660/508/606 661/533/631 636/534/632
f 660/508/606 636/534/632 634/509/607
f 663/529/627 667/527/625 655/518/616
f 663/529/627 655/518/616 637/521/619
f 661/533/631 668/524/622 654/517/615
f 661/533/631 654/517/615 636/534/632
f 642/523/621 639/510/608 656/513/611
f 642/523/621 656/513/611 657/519/617
f 638/526/624 642/523/621 657/519/617
f 638/526/624 657/519/617 655/518/616
f 634/509/607 636/534/632 654/517/615
f 634/509/607 654/517/615 653/514/612
f 639/510/608 634/509/607 653/514/612
f 639/510/608 653/514/612 656/513/611
f 621/535/633 619/536/634 651/511/609
f 621/535/633 651/511/609 652/504/602
f 622/537/635 621/535/633 652/504/602
f 622/537/635 652/504/602 648/503/601
f 620/538/636 626/539/637 649/501/599
f 620/538/636 649/501/599 647/494/592
f 618/540/638 620/538/636 647/494/592
f 618/540/638 647/494/592 650/493/591
f 622/537/635 648/503/601 668/524/622
f 622/537/635 668/524/622 661/533/631
f 627/502/600 649/501/599 667/527/625
f 627/502/600 667/527/625 663/529/627
f 623/541/639 622/537/635 661/533/631
f 623/541/639 661/533/631 660/508/606
f 627/502/600 663/529/627 665/531/629
f 627/502/600 665/531/629 643/532/630
f 649/501/599 626/539/637 662/525/623
f 649/501/599 662/525/623 667/527/625
f 626/539/637 625/542/640 659/522/620
f 626/539/637 659/522/620 662/525/623
f 648/503/601 628/506/604 664/500/598
f 648/503/601 664/500/598 668/524/622
f 625/542/640 624/543/641 658/507/605
f 625/542/640 658/507/605 659/522/620
f 624/543/641 623/541/639 660/508/606
f 624/543/641 660/508/606 658/507/605
f 644/528/626 666/497/595 664/500/598
f 644/528/626 664/500/598 628/506/604
f 611/544/642 609/545/643 674/546/644
f 611/544/642 674/546/644 677/547/645
f 698/548/646 696/549/647 700/550/648
f 617/551/649 616/552/650 697/553/651
f 617/551/649 697/553/651 698/548/646
f 698/548/646 697/553/651 696/549/647
f 696/549/647 695/554/652 700/550/648
f 615/555/653 614/556/654 689/557/655
f 615/555/653 689/557/655 693/558/656
f 693/558/656 689/557/655 688/559/657
f 693/558/656 688/559/657 692/560/658
f 692/560/658 688/559/657 687/561/659
f 692/560/658 687/561/659 691/562/660
f 613/563/661 612/564/662 681/565/663
f 613/563/661 681/565/663 685/566/664
f 685/566/664 681/565/663 680/567/665
f 685/566/664 680/567/665 684/568/666
f 684/568/666 680/567/665 679/569/667
f 684/568/666 679/569/667 683/570/668
f 616/552/650 615/555/653 693/558/656
f 616/552/650 693/558/656 697/553/651
f 697/553/651 693/558/656 692/560/658
f 697/553/651 692/560/658 696/549/647
f 696/549/647 692/560/658 691/562/660
f 696/549/647 691/562/660 695/554/652
f 614/556/654 613/563/661 685/566/664
f 614/556/654 685/566/664 689/557/655
f 689/557/655 685/566/664 684/568/666
f 689/557/655 684/568/666 688/559/657
f 688/559/657 684/568/666 683/570/668
f 688/559/657 683/570/668 687/561/659
f 612/564/662 611/544/642 677/547/645
f 612/564/662 677/547/645 681/565/663
f 681/565/663 677/547/645 680/567/665
f 679/569/667 680/567/665 676/571/669
f 610/572/670 617/551/649 698/548/646
f 610/572/670 698/548/646 673/573/671
f 673/573/671 698/548/646 700/550/648
f 673/573/671 700/550/648 671/574/672
f 677/547/645 676/571/669 680/567/665
f 677/547/645 674/546/644 672/575/672
f 677/547/645 672/575/672 676/571/669
f 709/576/673 718/577/674 710/578/675
f 709/576/673 710/578/675 701/579/676
f 707/580/677 716/581/678 717/582/679
f 707/580/677 717/582/679 708/583/680
f 705/584/681 714/585/682 715/586/683
f 705/584/681 715/586/683 706/587/684
f 703/588/685 712/589/686 713/590/687
f 703/588/685 713/590/687 704/591/688
f 708/583/680 717/582/679 718/577/674
f 708/583/680 718/577/674 709/576/673
f 706/587/684 715/586/683 716/581/678
f 706/587/684 716/581/678 707/580/677
f 704/591/688 713/590/687 714/585/682
f 704/591/688 714/585/682 705/584/681
f 702/592/689 711/593/690 712/589/686
f 702/592/689 712/589/686 703/588/685
f 718/577/674 717/582/679 626/539/637
f 718/577/674 626/539/637 620/538/636
f 717/582/679 716/581/678 625/542/640
f 717/582/679 625/542/640 626/539/637
f 716/581/678 715/586/683 624/543/641
f 716/581/678 624/543/641 625/542/640
f 715/586/683 714/585/682 623/541/639
f 715/586/683 623/541/639 624/543/641
f 714/585/682 713/590/687 622/537/635
f 714/585/682 622/537/635 623/541/639
f 713/590/687 712/589/686 621/535/633
f 713/590/687 621/535/633 622/537/635
f 712/589/686 711/593/690 619/536/634
f 712/589/686 619/536/634 621/535/633
f 710/578/675 718/577/674 620/538/636
f 710/578/675 620/538/636 618/540/638
f 703/588/685 704/591/688 678/594/691
f 703/588/685 678/594/691 675/595/692
f 704/591/688 705/584/681 682/596/693
f 704/591/688 682/596/693 678/594/691
f 705/584/681 706/587/684 686/597/694
f 705/584/681 686/597/694 682/596/693
f 706/587/684 707/580/677 690/598/695
f 706/587/684 690/598/695 686/597/694
f 707/580/677 708/583/680 694/599/652
f 707/580/677 694/599/652 690/598/695
f 708/583/680 709/576/673 699/600/696
f 708/583/680 699/600/696 694/599/652
f 709/576/673 701/579/676 670/601/672
f 709/576/673 670/601/672 699/600/696
f 702/592/689 703/588/685 675/595/692
f 702/592/689 675/595/692 669/602/672
f 760/493/697 741/496/698 740/495/699
f 760/493/697 740/495/699 757/494/602
f 776/497/629 774/500/627 745/499/619
f 776/497/629 745/499/619 756/498/628
f 757/494/602 740/495/699 737/502/700
f 757/494/602 737/502/700 759/501/601
f 758/503/599 738/506/701 739/505/702
f 758/503/599 739/505/702 762/504/592
f 768/507/605 749/510/608 744/509/621
f 768/507/605 744/509/621 770/508/703
f 762/504/592 739/505/702 742/512/704
f 762/504/592 742/512/704 761/511/705
f 766/513/611 750/516/614 743/515/618
f 766/513/611 743/515/618 763/514/617
f 763/514/617 743/515/618 745/499/619
f 763/514/617 745/499/619 764/517/616
f 765/518/615 747/521/706 751/520/613
f 765/518/615 751/520/613 767/519/612
f 767/519/612 751/520/613 750/516/614
f 767/519/612 750/516/614 766/513/611
f 769/522/707 752/523/607 749/510/608
f 769/522/707 749/510/608 768/507/605
f 778/524/625 764/517/616 745/499/619
f 778/524/625 745/499/619 774/500/627
f 772/525/631 748/526/632 752/523/607
f 772/525/631 752/523/607 769/522/707
f 777/527/622 765/518/615 748/526/632
f 777/527/622 748/526/632 772/525/631
f 742/512/704 739/505/702 738/506/701
f 742/512/704 738/506/701 754/528/630
f 773/529/598 775/531/595 755/530/596
f 773/529/598 755/530/596 747/521/706
f 756/498/628 745/499/619 743/515/618
f 756/498/628 743/515/618 750/516/614
f 740/495/699 741/496/698 753/532/626
f 740/495/699 753/532/626 737/502/700
f 747/521/706 755/530/596 750/516/614
f 747/521/706 750/516/614 751/520/613
f 770/508/703 744/509/621 746/534/624
f 770/508/703 746/534/624 771/533/623
f 773/529/598 747/521/706 765/518/615
f 773/529/598 765/518/615 777/527/622
f 771/533/623 746/534/624 764/517/616
f 771/533/623 764/517/616 778/524/625
f 752/523/607 767/519/612 766/513/611
f 752/523/607 766/513/611 749/510/608
f 748/526/632 765/518/615 767/519/612
f 748/526/632 767/519/612 752/523/607
f 744/509/621 763/514/617 764/517/616
f 744/509/621 764/517/616 746/534/624
f 749/510/608 766/513/611 763/514/617
f 749/510/608 763/514/617 744/509/621
f 731/535/708 762/504/592 761/511/705
f 731/535/708 761/511/705 729/536/709
f 732/537/637 758/503/599 762/504/592
f 732/537/637 762/504/592 731/535/708
f 730/538/710 757/494/602 759/501/601
f 730/538/710 759/501/601 736/539/635
f 728/540/711 760/493/697 757/494/602
f 728/540/711 757/494/602 730/538/710
f 732/537/637 771/533/623 778/524/625
f 732/537/637 778/524/625 758/503/599
f 737/502/700 773/529/598 777/527/622
f 737/502/700 777/527/622 759/501/601
f 733/541/640 770/508/703 771/533/623
f 733/541/640 771/533/623 732/537/637
f 737/502/700 753/532/626 775/531/595
f 737/502/700 775/531/595 773/529/598
f 759/501/601 777/527/622 772/525/631
f 759/501/601 772/525/631 736/539/635
f 736/539/635 772/525/631 769/522/707
f 736/539/635 769/522/707 735/542/639
f 758/503/599 778/524/625 774/500/627
f 758/503/599 774/500/627 738/506/701
f 735/542/639 769/522/707 768/507/605
f 735/542/639 768/507/605 734/543/641
f 734/543/641 768/507/605 770/508/703
f 734/543/641 770/508/703 733/541/640
f 754/528/630 738/506/701 774/500/627
f 754/528/630 774/500/627 776/497/629
f 721/544/649 787/547/712 784/546/713
f 721/544/649 784/546/713 719/545/714
f 808/548/715 810/550/716 806/549/717
f 727/551/718 808/548/715 807/553/719
f 727/551/718 807/553/719 726/552/720
f 808/548/715 806/549/717 807/553/719
f 806/549/717 810/550/716 805/554/667
f 725/555/721 803/558/722 799/557/723
f 725/555/721 799/557/723 724/556/724
f 803/558/722 802/560/666 798/559/725
f 803/558/722 798/559/725 799/557/723
f 802/560/666 801/562/726 797/561/659
f 802/560/666 797/561/659 798/559/725
f 723/563/727 795/566/728 791/565/729
f 723/563/727 791/565/729 722/564/730
f 795/566/728 794/568/658 790/567/731
f 795/566/728 790/567/731 791/565/729
f 794/568/658 793/570/732 789/569/652
f 794/568/658 789/569/652 790/567/731
f 726/552/720 807/553/719 803/558/722
f 726/552/720 803/558/722 725/555/721
f 807/553/719 806/549/717 802/560/666
f 807/553/719 802/560/666 803/558/722
f 806/549/717 805/554/667 801/562/726
f 806/549/717 801/562/726 802/560/666
f 724/556/724 799/557/723 795/566/728
f 724/556/724 795/566/728 723/563/727
f 799/557/723 798/559/725 794/568/658
f 799/557/723 794/568/658 795/566/728
f 798/559/725 797/561/659 793/570/732
f 798/559/725 793/570/732 794/568/658
f 722/564/730 791/565/729 787/547/712
f 722/564/730 787/547/712 721/544/649
f 791/565/729 790/567/731 787/547/712
f 789/569/652 786/571/733 790/567/731
f 720/572/734 783/573/735 808/548/715
f 720/572/734 808/548/715 727/551/718
f 783/573/735 781/574/672 810/550/716
f 783/573/735 810/550/716 808/548/715
f 787/547/712 790/567/731 786/571/733
f 787/547/712 786/571/733 782/575/672
f 787/547/712 782/575/672 784/546/713
f 819/576/736 811/579/689 820/578/737
f 819/576/736 820/578/737 828/577/686
f 817/580/738 818/583/739 827/582/740
f 817/580/738 827/582/740 826/581/682
f 815/584/741 816/587/742 825/586/743
f 815/584/741 825/586/743 824/585/678
f 813/588/673 814/591/744 823/590/679
f 813/588/673 823/590/679 822/589/674
f 818/583/739 819/576/736 828/577/686
f 818/583/739 828/577/686 827/582/740
f 816/587/742 817/580/738 826/581/682
f 816/587/742 826/581/682 825/586/743
f 814/591/744 815/584/741 824/585/678
f 814/591/744 824/585/678 823/590/679
f 812/592/676 813/588/673 822/589/674
f 812/592/676 822/589/674 821/593/745
f 828/577/686 730/538/710 736/539/635
f 828/577/686 736/539/635 827/582/740
f 827/582/740 736/539/635 735/542/639
f 827/582/740 735/542/639 826/581/682
f 826/581/682 735/542/639 734/543/641
f 826/581/682 734/543/641 825/586/743
f 825/586/743 734/543/641 733/541/640
f 825/586/743 733/541/640 824/585/678
f 824/585/678 733/541/640 732/537/637
f 824/585/678 732/537/637 823/590/679
f 823/590/679 732/537/637 731/535/708
f 823/590/679 731/535/708 822/589/674
f 822/589/674 731/535/708 729/536/709
f 822/589/674 729/536/709 821/593/745
f 820/578/737 728/540/711 730/538/710
f 820/578/737 730/538/710 828/577/686
f 813/588/673 785/595/746 788/594/747
f 813/588/673 788/594/747 814/591/744
f 814/591/744 788/594/747 792/596/748
f 814/591/744 792/596/748 815/584/741
f 815/584/741 792/596/748 796/597/694
f 815/584/741 796/597/694 816/587/742
f 816/587/742 796/597/694 800/598/693
f 816/587/742 800/598/693 817/580/738
f 817/580/738 800/598/693 804/599/667
f 817/580/738 804/599/667 818/583/739
f 818/583/739 804/599/667 809/600/749
f 818/583/739 809/600/749 819/576/736
f 819/576/736 809/600/749 780/601/672
f 819/576/736 780/601/672 811/579/689
f 812/592/676 779/602/672 785/595/746
f 812/592/676 785/595/746 813/588/673
f 852/603/750 848/604/751 838/605/752
f 854/606/753 849/607/754 838/605/752
f 855/608/755 850/609/756 838/605/752
f 856/610/757 853/611/758 838/605/752
f 848/604/751 854/606/753 838/605/752
f 849/607/754 851/612/759 838/605/752
f 851/612/759 855/608/755 838/605/752
f 850/609/756 856/610/757 838/605/752
f 868/613/760 874/614/761 846/615/762
f 868/613/760 846/615/762 844/616/763
f 869/617/764 873/618/765 845/619/766
f 869/617/764 845/619/766 847/620/767
f 867/621/768 869/617/764 847/620/767
f 867/621/768 847/620/767 842/622/769
f 866/623/770 872/624/771 843/625/772
f 866/623/770 843/625/772 839/626/773
f 874/614/761 871/627/774 841/628/775
f 874/614/761 841/628/775 846/615/762
f 873/618/765 868/613/760 844/616/763
f 873/618/765 844/616/763 845/619/766
f 872/624/771 867/621/768 842/622/769
f 872/624/771 842/622/769 843/625/772
f 891/629/776 888/630/777 856/610/757
f 891/629/776 856/610/757 850/609/756
f 892/631/778 887/632/779 855/608/755
f 892/631/778 855/608/755 851/612/759
f 890/633/780 892/631/778 851/612/759
f 890/633/780 851/612/759 849/607/754
f 889/634/781 886/635/782 854/606/753
f 889/634/781 854/606/753 848/604/751
f 888/630/777 885/636/783 853/611/758
f 888/630/777 853/611/758 856/610/757
f 887/632/779 891/629/776 850/609/756
f 887/632/779 850/609/756 855/608/755
f 886/635/782 890/633/780 849/607/754
f 886/635/782 849/607/754 854/606/753
f 884/637/784 889/634/781 848/604/751
f 884/637/784 848/604/751 852/603/750
f 870/638/785 866/623/770 839/626/773
f 870/638/785 839/626/773 840/639/786
f 875/640/787 880/641/788 862/642/789
f 875/640/787 862/642/789 857/643/790
f 877/644/791 881/645/792 863/646/793
f 877/644/791 863/646/793 859/647/794
f 878/648/795 882/649/796 864/650/797
f 878/648/795 864/650/797 860/651/798
f 879/652/799 876/653/800 858/654/801
f 879/652/799 858/654/801 861/655/802
f 880/641/788 877/644/791 859/647/794
f 880/641/788 859/647/794 862/642/789
f 881/645/792 883/656/803 865/657/804
f 881/645/792 865/657/804 863/646/793
f 883/656/803 878/648/795 860/651/798
f 883/656/803 860/651/798 865/657/804
f 882/649/796 879/652/799 861/655/802
f 882/649/796 861/655/802 864/650/797
f 857/643/790 862/642/789 866/623/770
f 857/643/790 866/623/770 870/638/785
f 859/647/794 863/646/793 867/621/768
f 859/647/794 867/621/768 872/624/771
f 860/651/798 864/650/797 868/613/760
f 860/651/798 868/613/760 873/618/765
f 861/655/802 858/654/801 871/627/774
f 861/655/802 871/627/774 874/614/761
f 862/642/789 859/647/794 872/624/771
f 862/642/789 872/624/771 866/623/770
f 863/646/793 865/657/804 869/617/764
f 863/646/793 869/617/764 867/621/768
f 865/657/804 860/651/798 873/618/765
f 865/657/804 873/618/765 869/617/764
f 864/650/797 861/655/802 874/614/761
f 864/650/797 874/614/761 868/613/760
f 836/658/805 835/659/806 879/652/799
f 836/658/805 879/652/799 882/649/796
f 829/660/807 837/661/808 878/648/795
f 829/660/807 878/648/795 883/656/803
f 830/662/809 829/660/807 883/656/803
f 830/662/809 883/656/803 881/645/792
f 832/663/810 831/664/811 877/644/791
f 832/663/810 877/644/791 880/641/788
f 835/659/806 834/665/812 876/653/800
f 835/659/806 876/653/800 879/652/799
f 837/661/808 836/658/805 882/649/796
f 837/661/808 882/649/796 878/648/795
f 831/664/811 830/662/809 881/645/792
f 831/664/811 881/645/792 877/644/791
f 833/666/813 832/663/810 880/641/788
f 833/666/813 880/641/788 875/640/787
f 840/639/786 839/626/773 889/634/781
f 840/639/786 889/634/781 884/637/784
f 843/625/772 842/622/769 890/633/780
f 843/625/772 890/633/780 886/635/782
f 845/619/766 844/616/763 891/629/776
f 845/619/766 891/629/776 887/632/779
f 846/615/762 841/628/775 885/636/783
f 846/615/762 885/636/783 888/630/777
f 839/626/773 843/625/772 886/635/782
f 839/626/773 886/635/782 889/634/781
f 842/622/769 847/620/767 892/631/778
f 842/622/769 892/631/778 890/633/780
f 847/620/767 845/619/766 887/632/779
f 847/620/767 887/632/779 892/631/778
f 844/616/763 846/615/762 888/630/777
f 844/616/763 888/630/777 891/629/776
